	name	average_rank	std_rank
0	zidovudine	10.0	7.516648189186454
1	sucralfate	44.8	35.94022815731697
2	Lepirudin	60.4	61.532918019544624
3	Insulin Glulisine	62.6	97.72563634993635
4	insulin human	64.2	97.61249919964143
5	Insulin Detemir	64.6	94.90679638466362
6	insulin, neutral	65.4	98.02703708671399
7	Insulin Glargine	65.8	101.90534824041376
8	Insulin Degludec	68.6	106.51431828632242
9	ouabain	69.8	55.86770086552695
10	fosamprenavir	75.2	81.65598569608967
11	Aprotinin	79.8	128.33432900046657
12	telbivudine	88.0	67.73108592072033
13	Nesiritide	88.8	129.95075990543495
14	deslanoside	91.4	78.19718665016025
15	axitinib	93.0	115.2019965104772
16	ECALLANTIDE	93.8	149.12142703179848
17	Pramlintide	103.6	156.88307748128858
18	Salmon Calcitonin	104.6	78.95441722918358
19	darunavir	111.0	133.81330277666717
20	Hydroxocobalamin	118.8	95.4997382195365
21	zafirlukast	119.0	70.06068797835202
22	rutin	119.6	74.38279370929813
23	temsirolimus	123.4	86.95573586601404
24	emtricitabine	124.0	77.16540675717326
25	Follicle Stimulating Hormone	125.0	45.458772530722825
26	furosemide	129.0	82.22530024268686
27	Buserelin	129.8	51.10968597046943
28	Felypressin	130.2	138.2975054004952
29	terlipressin	133.4	175.9738616954234
30	oxytocin	139.0	32.992423372647245
31	Enoxaparin	140.0	105.97877145919365
32	Bemiparin	140.2	105.39781781422232
33	Heparin	140.4	106.35224492223941
34	everolimus	143.8	103.30392054515647
35	linaclotide	150.0	145.60391478253598
36	sulfasalazine	150.8	174.54569602256024
37	NADH	154.8	98.66458331133822
38	fostamatinib	156.2	122.03360192996026
39	valrubicin	159.4	131.88366085304122
40	venetoclax	160.0	172.38474410457556
41	gemcitabine	162.0	65.60487786742691
42	streptomycin	162.2	91.45600034989504
43	Fluocinolone Acetonide	163.8	138.25773034445487
44	torasemide	165.0	79.02214879386665
45	cyanocobalamin	165.2	147.37944225705294
46	somatostatin	165.4	246.66536035690135
47	empagliflozin	172.6	37.76638717166364
48	atosiban	173.6	255.27984644307506
49	goserelin-acetate	174.4	106.48614933408005
50	epirubicin	174.8	113.9833321148316
51	doxorubicin	175.0	112.97344820797495
52	bumetanide	175.2	85.39145156278819
53	eptifibatide	179.8	190.13468910222562
54	corticorelin ovine triflutate	180.0	215.29050141610986
55	carbetocin	180.2	83.75977554888742
56	Biotin	182.6	107.85082289903957
57	exenatide	184.0	222.04504047602595
58	Pipotiazine	188.4	119.11674945195576
59	dactinomycin	188.8	183.24764664246032
60	citicoline	189.0	187.47399819708332
61	glimepiride	189.2	138.92875872187156
62	Lanreotide	191.0	237.78246360907275
63	benfotiamine	197.8	160.68353991619676
64	Sitaxentan	199.4	159.5205315938986
65	Vapreotide	201.6	297.92750796124886
66	Kappadione	201.8	400.2770290686189
67	Cosyntropin	202.4	295.93124201408676
68	acarbose	203.0	112.89818421923357
69	Lixisenatide	204.2	245.64751169104073
70	octreotide	204.4	341.83446286177764
71	saxagliptin	204.8	173.49121015198435
72	Pyridoxal Phosphate	206.2	186.81461398937716
73	dabrafenib	207.8	141.82277673208912
74	Corticotropin	209.8	257.36880152807953
75	vildagliptin	215.4	128.96821313796667
76	diosmin	215.8	131.4199376046116
77	Glucagon recombinant	217.2	102.83092919934158
78	CROFELEMER	217.6	258.0877757663078
79	budesonide	218.8	179.35077362531783
80	digoxin	219.6	218.31010054507325
81	cimetropium	219.8	293.94506289441233
82	floxuridine	220.2	102.44120264815325
83	Insulin Lispro	225.2	188.97274935820772
84	indapamide	227.8	162.19340307176492
85	Udenafil	228.0	244.11575123289361
86	bexarotene	230.0	204.9085161724617
87	telithromycin	231.0	173.59579487994517
88	triamcinolone	231.8	95.46308186938026
89	daunorubicin	232.4	169.53849120479987
90	dolutegravir	235.0	124.53915047084591
91	Methylscopolamine bromide	236.0	198.65044676516587
92	Fludrocortisone	240.8	82.39660187167915
93	tetracycline	242.2	221.8934428954583
94	fosaprepitant-dimeglumine	243.8	203.4961916105557
95	Erythropoietin	243.8	325.26865818888854
96	prednisolone	246.2	133.22424704234587
97	tesamorelin	249.4	146.29354052725637
98	Desmopressin	249.6	221.01425293405853
99	cyclosporine	251.6	149.7307583631366
100	leuprolide	252.0	218.05962487356527
101	flunisolide	252.6	143.66036335746892
102	tolvaptan	254.2	177.70115362596832
103	tamibarotene	254.8	177.1925506334846
104	fludroxycortide	256.6	130.7489961720548
105	Teriparatide	257.0	215.48549835197727
106	Sermorelin	257.4	160.06654866023695
107	sivelestat	257.6	64.79428987187066
108	idarubicin	257.6	221.4030261762472
109	hydrocortisone	258.4	114.76410588681462
110	Somatropin recombinant	258.6	134.1186042277506
111	fluticasone propionate	260.4	279.62975521213764
112	Digitoxin	263.4	288.88977136617353
113	Rifabutin	263.6	173.05721597205937
114	bromocriptine	265.8	205.1699295705879
115	fluticasone furoate	267.2	260.3866356017528
116	sirolimus	267.2	177.02598679289997
117	doxycycline	268.8	134.4607749494253
118	trametinib	270.0	195.24727911036302
119	Fospropofol	270.2	166.28800317521407
120	sildenafil	272.2	144.62606957253593
121	Fondaparinux	275.4	205.66793624675677
122	decitabine	277.4	213.46030075871252
123	troleandomycin	277.8	150.7902516743042
124	Eribulin	278.6	329.948935443047
125	lamivudine	278.8	316.55757770111904
126	sonidegib	279.4	162.88738441021147
127	olsalazine	280.8	334.413217442134
128	prednisone	284.4	294.50178267711726
129	bendroflumethiazide	285.8	190.42373801603622
130	aminosalicylate	286.0	221.70926908904823
131	rifamycin	286.2	109.04677895288792
132	erythromycin	288.0	251.86802099512354
133	Dalbavancin	289.4	216.27598109822551
134	Framycetin	289.4	230.48383891284004
135	Neomycin	289.6	230.91730121409267
136	DIFLORASONE	290.2	106.63348442210824
137	canagliflozin	291.2	179.5527777562909
138	piretanide	292.6	284.45263226062787
139	amcinonide	294.4	243.31728257565268
140	minocycline	297.6	100.70898668937147
141	alectinib	299.2	151.05859790160903
142	desonide	301.0	127.95702403541588
143	Histrelin	302.2	297.0264298004472
144	flumethasone	307.8	86.09994192797113
145	betamethasone	307.8	139.3779035571995
146	methylprednisolone	308.2	131.49220509216508
147	thiothixene	308.8	238.56592380304443
148	gonadorelin	309.6	303.0780427546674
149	triptorelin	310.2	314.20327814967175
150	tamsulosin	311.0	122.26405849635452
151	clarithromycin	313.2	238.9491577721085
152	simeprevir	313.4	249.8165326794846
153	norgestimate	316.6	221.36689002648973
154	cabotegravir	318.4	145.24221149514352
155	Nafarelin	319.6	330.7692549194982
156	doripenem	319.6	324.69339383486073
157	ecabet	320.8	332.36079792899767
158	mesalazine	321.4	258.26982014939335
159	dexamethasone	322.2	120.74228753837654
160	capecitabine	322.8	404.268722510164
161	methyldopa	324.0	120.08954992004925
162	velcalcetide	324.2	216.47678859406614
163	fluocinonide	324.6	185.3585714230664
164	MSH, 4-Nle-7-Phe-alpha-	327.4	282.96519220568456
165	APROBARBITAL	327.4	163.5597750059592
166	vardenafil	329.2	157.16456343590943
167	Secobarbital	330.8	247.39886822699896
168	Defibrotide	331.8	350.54985380113914
169	romidepsin	331.8	121.13298477293458
170	lubiprostone	332.4	201.86951230931334
171	amoxicillin	335.8	205.62149693064683
172	Nandrolone decanoate	337.0	75.83864450265445
173	trilostane	338.2	459.5619653539662
174	Butethal	339.4	319.9653106197608
175	Aminophylline	340.8	308.8554678162587
176	rabeprazole	341.2	213.86607959187918
177	Pentobarbital	341.4	248.938345780637
178	ceftriaxone	341.8	315.484864930158
179	rifampin	342.0	123.3369368842927
180	DIHYDROERGOCORNINE	344.2	333.9479001281487
181	etizolam	344.6	75.5235062745368
182	telmisartan	345.4	188.6989666108429
183	cefdinir	346.2	195.4077787602121
184	pazopanib	346.2	248.37310643465406
185	bezafibrate	347.0	433.5856316807558
186	liraglutide	349.4	70.889350399055
187	gliquidone	350.4	322.01133520421297
188	meclofenamic-acid	352.8	402.7507914331144
189	Lobeglitazone	352.8	346.18593270091145
190	Adenosine monophosphate	355.6	199.32962649842096
191	lopinavir	355.6	341.92221337608356
192	pimecrolimus	355.8	196.30639317149098
193	carbidopa	356.8	266.6002625655121
194	stiripentol	358.4	315.9490465249104
195	tocofersolan	359.2	360.2675394758734
196	cobimetinib	359.6	131.11941122503563
197	mefenamic-acid	360.2	103.41518263775393
198	propentofylline	362.4	272.0630441643995
199	hydroflumethiazide	363.6	356.5568678345714
200	cyamemazine	364.8	256.21514397084337
201	SUCROSE	364.8	441.54977069408613
202	clobetasol-propionate	365.0	268.47718711279737
203	quinethazone	365.4	276.6212211671404
204	fostemsavir	365.4	241.86008351937696
205	halcinonide	369.6	302.15029372813785
206	norelgestromin	370.6	259.5742668293604
207	methylnaltrexone	371.6	509.9194053965783
208	rifaximin	371.8	116.21187546890377
209	ampicillin	372.0	244.86424810494486
210	moracizine	373.0	254.72828661144015
211	metolazone	373.2	274.41610739896447
212	rifapentine	374.2	268.60510047279445
213	gestrinone	375.0	160.6004358649129
214	pasireotide	375.4	381.4043785800053
215	benserazide	375.8	121.27736804531999
216	bambuterol	376.0	381.15810367877526
217	thiopental	378.0	416.7619224449374
218	betrixaban	378.6	211.1073186793864
219	Trisalicylate-choline	379.2	521.2093629243434
220	Rosiglitazone	379.8	392.1449986930855
221	rilpivirine	382.8	142.7942575876215
222	copanlisib	383.0	164.73159988296112
223	bivalirudin	384.6	230.6768302192485
224	docetaxel	384.6	229.41621564309705
225	ganirelix	384.8	185.1504793404543
226	dopamine	386.4	301.90776737275246
227	balsalazide	387.8	311.520785823354
228	Tixocortol	388.0	261.1857576515228
229	anagliptin	388.6	251.7623879772354
230	thiocolchicoside	389.0	161.84097132679352
231	cefadroxil	389.0	288.85550020728357
232	cladribine	392.6	306.6599093458419
233	dasatinib	394.8	236.88752605403266
234	sorafenib	395.2	166.12405003490616
235	metharbital	397.0	381.7073486324307
236	apraclonidine	397.6	523.3099463988813
237	paramethadione	401.4	225.88116344662296
238	brinzolamide	402.2	234.89295434303688
239	mycophenolic-acid	402.2	245.38276223076468
240	prednicarbate	402.2	216.08262308663322
241	PORFIMER SODIUM	402.6	529.9733955586828
242	dorzolamide	405.0	432.4713863367148
243	clomifene	406.2	313.7836834508767
244	ajmaline	406.8	256.70060381697584
245	fulvestrant	407.6	125.41650609070562
246	degarelix	408.0	212.12024891556203
247	Abarelix	408.4	172.84038879845184
248	roflumilast	408.8	426.2149692350094
249	otilonium	410.0	301.18432894159685
250	clonidine	411.8	468.01570486469785
251	carfilzomib	412.0	426.29098043472607
252	celiprolol	412.4	285.1443494092071
253	Methylene Blue	412.8	244.56328424356752
254	ipratropium	412.8	367.0459099349835
255	Trifluridine	412.8	342.9623886084304
256	amisulpride	414.2	256.7638993316623
257	raltitrexed	416.0	360.2492192913123
258	eltrombopag	418.8	315.4912043147955
259	TETRACHLORODECAOXIDE	419.2	552.4958823375972
260	pixantrone	422.2	449.610053268385
261	telaprevir	422.2	216.02592437020144
262	calcipotriol	423.0	205.64167865488747
263	ripasudil	424.0	335.9151678623637
264	thioproperazine	424.4	220.68144462097396
265	nizatidine	425.8	233.55234959212035
266	cortisone-acetate	427.2	156.63077603076607
267	tacrolimus	427.6	346.60828033963645
268	loteprednol	429.0	327.86658872169335
269	benzbromarone	430.4	326.52151537073325
270	chlorothiazide	431.6	453.94415956150374
271	ciclesonide	431.8	262.8358803512184
272	Amobarbital	432.0	374.0975808529106
273	vindesine	432.0	280.76769757221007
274	ethosuximide	433.0	135.33661736573734
275	Albiglutide	433.0	127.48921523015191
276	tianeptine	434.0	408.0814869606314
277	chlorprothixene	434.0	318.9615964344297
278	CANGRELOR	436.2	195.5369530293443
279	glipizide	436.6	346.8346868466302
280	regorafenib	437.4	133.09695714027424
281	azithromycin	438.4	434.07349608102083
282	scopolamine	439.0	408.0171565020275
283	dipivefrine	440.6	275.52912731687735
284	cefradine	441.6	428.907099498248
285	nedocromil	443.2	368.2739469471062
286	mifepristone	443.8	270.77518350099956
287	pralatrexate	443.8	394.54746229066035
288	vismodegib	444.8	289.0902973121028
289	febuxostat	445.0	360.4025527101605
290	fimasartan	445.6	449.4739147047357
291	etravirine	445.6	382.982767236334
292	Magnesium salicylate	446.2	632.7248217037167
293	Ceruletide	447.2	425.4646871363122
294	dapagliflozin	447.6	302.6223719423268
295	linagliptin	448.8	262.89864967321535
296	fosinopril	450.0	294.3976902083303
297	levonorgestrel	451.4	303.2940817094854
298	norgestrel	452.0	303.4608706242042
299	Talbutal	452.0	277.3842100769256
300	butabarbital	453.2	344.12308844365555
301	fludarabine	453.4	299.0155514350382
302	molindone	453.8	262.63891562371333
303	Nafcillin	454.2	211.2657094750589
304	ixabepilone	454.6	428.5840640994483
305	enfuvirtide	457.4	54.03054691561062
306	serotonin	458.4	344.07746220872997
307	metirosine	458.4	142.7595881193274
308	doxofylline	459.4	285.4352816314059
309	Conjugated Estrogens	460.0	635.8694834633912
310	cytarabine	460.2	227.766766671523
311	desoximetasone	464.6	185.694103298947
312	celecoxib	465.6	262.12840364981435
313	lomefloxacin	465.8	258.6951874310769
314	barbital	466.6	352.24323982157557
315	Sodium stibogluconate	467.0	575.9761279775404
316	choline salicylate	467.6	359.288602658086
317	sitagliptin	467.6	338.1202448833846
318	fluoxymesterone	468.2	245.95975280521
319	NAFAMOSTAT	469.8	44.076070605261535
320	desogestrel	471.6	299.9371600852419
321	olodaterol	471.8	270.35939044168595
322	bicalutamide	472.0	307.122939553528
323	levobunolol	472.6	208.9181657970412
324	ramatroban	474.4	387.6374594901788
325	ergotamine	475.4	314.1405736290682
326	itraconazole	475.6	252.18108573007612
327	panobinostat	476.0	261.8616046693367
328	tenofovir disoproxil fumarate	476.0	131.74217244299564
329	rivaroxaban	477.0	183.69948285174894
330	SULPIRIDE	477.2	386.23270187802586
331	pioglitazone	477.6	324.12466737352776
332	finafloxacin	478.6	225.78485334494871
333	DIHYDROERGOCRISTINE	478.8	365.74677032066876
334	grapiprant	479.4	256.7027463818804
335	terbutaline	480.4	285.588515175243
336	halobetasol	480.6	289.7227985506146
337	glyburide	480.8	463.00507556613246
338	chlorpromazine	481.2	310.3509303997654
339	glucosamine	485.6	380.7181372091432
340	benzylpenicillin	486.8	361.4134751223313
341	bosentan	487.2	337.26947682824783
342	Icatibant	487.4	197.8201203113576
343	Gentamicins	488.6	400.0691190281999
344	lisinopril	489.0	370.6818042472546
345	rimexolone	490.4	337.36523235212013
346	acitretin	490.6	374.9530637293153
347	pentoxifylline	491.6	328.4635444002881
348	etacrynic-acid	493.0	421.3134225253214
349	nilotinib	494.2	233.0433436080078
350	hydrochlorothiazide	494.4	430.60109149884886
351	cyclothiazide	495.2	410.35923286798356
352	Spirapril	496.6	428.36293023556556
353	Lactose	496.8	382.5404553769444
354	Homatropine Methylbromide	497.0	451.1429928525988
355	gliclazide	498.2	368.59625608516427
356	methazolamide	500.6	354.2976150074962
357	methyclothiazide	501.2	384.4023933328199
358	noretynodrel	501.6	465.15674777433895
359	leflunomide	506.6	344.46814076195784
360	tizanidine	507.0	350.8047890209026
361	propiomazine	507.6	344.9511559626957
362	vemurafenib	508.0	436.54782097726707
363	leucovorin	510.8	259.76470122016195
364	telotristat ethyl	511.2	325.26481518910094
365	Vitamin C	511.4	270.61836596949587
366	azacitidine	512.0	187.42465152695362
367	pentostatin	513.0	342.86950870557155
368	liothyronine	514.0	529.8834777571386
369	dihydroergotamine	515.0	398.5743343468066
370	Salicylic acid	516.0	263.4568275828129
371	tezacaftor	516.6	456.1609365125427
372	dienogest	517.0	365.9221228622287
373	levodopa	517.4	249.00160642052091
374	Testosterone Propionate	517.8	141.85450292465163
375	mirodenafil	519.0	301.10878432885346
376	istradefylline	519.0	297.76836635210265
377	belinostat	519.2	295.14691257067216
378	pemetrexed	521.0	210.42813500100218
379	folic-acid	522.0	431.6196242063143
380	paclitaxel	523.4	361.91131510357616
381	ponatinib	523.6	186.30029522252505
382	retigabine	523.8	263.8014404812832
383	bleomycin	525.4	440.39675293989166
384	enalaprilat	526.2	257.49116489697275
385	pomalidomide	526.6	197.07054574441105
386	spironolactone	527.0	366.8664607183382
387	Encainide	528.8	108.14434797991063
388	Dextrothyroxine	529.8	562.0264228663987
389	phentolamine	530.2	207.73227962933444
390	tacalcitol	530.2	140.17560415421792
391	dexlansoprazole	530.8	288.2736547102423
392	Adinazolam	531.4	308.8442973409093
393	tibolone	531.6	471.8392734819771
394	Sucroferric Oxyhydroxide	531.6	532.0195485130222
395	cimetidine	533.8	372.26495940391703
396	lansoprazole	535.0	287.9869788723094
397	norethindrone	535.4	417.0764917853798
398	levothyroxine	535.6	571.743211590658
399	enalapril	535.8	237.1417297735681
400	fluorometholone	536.0	285.482924182866
401	CLOCORTOLONE	536.0	286.31101969711193
402	rufinamide	536.0	335.1193817134425
403	tofacitinib	537.4	249.68840581813166
404	atorvastatin	538.2	178.80911609870452
405	gefitinib	538.4	263.03098676771907
406	Lumiracoxib	539.6	401.1649286764734
407	tofogliflozin	539.8	341.0714001495875
408	dosulepin	541.6	348.2230606952963
409	frovatriptan	543.0	491.0040733028597
410	ulipristal	543.4	199.20793156900154
411	butalbital	545.0	289.3993780228285
412	ertugliflozin	546.0	216.77522921219574
413	lenvatinib	546.2	398.1327668002221
414	ethynodiol-diacetate	546.4	185.71295054465102
415	topotecan	547.4	228.4486813269011
416	tranilast	547.6	214.92277682926024
417	acetophenazine	547.8	435.4901835862664
418	sparfloxacin	548.6	368.3806455285076
419	levocabastine	548.8	350.7601744782324
420	eluxadoline	549.2	145.5651057087515
421	risedronate	549.2	509.9124434645619
422	beclomethasone-dipropionate	549.8	261.4511426634047
423	mycophenolate-mofetil	550.0	332.54774093353876
424	Polaprezinc	552.4	569.4701923718221
425	Magnesium Sulfate	552.6	586.8567116426292
426	Aceprometazine	552.8	347.52582637841465
427	eprosartan	553.2	269.5268075720855
428	Azilsartan medoxomil	554.0	351.6098690310043
429	sasapyrine	555.0	146.5929739107574
430	pantoprazole	556.6	270.8141429098562
431	tiotropium	557.4	289.0973884351085
432	droxidopa	559.0	285.2297319705644
433	levofloxacin	559.2	332.5788628280516
434	labetalol	559.4	227.73515319335309
435	ranitidine	560.0	116.38943251000066
436	doxifluridine	560.6	400.7284616794769
437	nebivolol	560.6	327.22591584408474
438	indomethacin	561.0	281.3476497147257
439	quercetin	561.4	375.94055381137053
440	imatinib	562.6	350.6398437143161
441	mitoxantrone	563.0	368.6705846687528
442	fexofenadine	564.0	358.3943358927426
443	naloxone	565.0	506.12597246140217
444	naltrexone	565.0	465.89966731046286
445	nalbuphine	565.8	337.5051110724103
446	Arsenic trioxide	566.0	770.9244450657924
447	irinotecan	566.2	314.41644359034404
448	bilastine	566.2	314.65806838535065
449	Sodium Tetradecyl Sulfate	566.6	748.5831951092678
450	Nandrolone phenpropionate	566.8	287.2467580321839
451	Buprenorphine	567.0	488.3129119734599
452	levosimendan	567.4	398.3482145058516
453	cefotaxime	568.0	269.3501438648214
454	ofloxacin	568.6	306.40300259625394
455	acebutolol	569.0	384.679087032295
456	homoharringtonine	570.2	496.98611650628635
457	acyclovir	571.0	298.20798111385284
458	azosemide	571.0	498.3623179976592
459	thiamine	572.4	415.8266465728236
460	pinaverium	572.6	304.0095393240153
461	ciprofibrate	572.8	425.5569292115921
462	misoprostol	573.0	249.12848090894786
463	eplerenone	573.2	456.29781941183984
464	vinblastine	573.2	371.84297761286285
465	Diethylstilbestrol	573.2	76.97856844602919
466	prasugrel	574.2	454.9282360988379
467	megestrol acetate	574.6	358.6311475597177
468	potassium-canrenoate	575.0	196.19250750219794
469	cefazolin	575.2	520.2179351002809
470	olmesartan	575.6	269.33120873749476
471	alogliptin	575.8	298.688299067774
472	nintedanib	576.2	188.75566216672814
473	norfloxacin	577.0	365.47640142695946
474	carteolol	577.2	318.8600006272345
475	trichlormethiazide	577.2	501.7067868785512
476	Captodiame	578.2	398.3913904692219
477	meloxicam	579.0	337.12386447713845
478	ivacaftor	580.6	327.3595882206599
479	Methylphenobarbital	580.6	230.1636374408434
480	repaglinide	581.4	408.24906613487803
481	nicergoline	581.6	433.5444613877566
482	Sulodexide	581.8	310.39201020644845
483	isosorbide-mononitrate	583.0	332.76493204663257
484	olaparib	584.6	294.92422755684214
485	dicoumarol	586.2	284.4313625463971
486	pitavastatin	586.8	251.60425274625229
487	cromoglicic-acid	587.8	130.57067051983765
488	clofarabine	588.2	408.1252258804888
489	raloxifene	588.4	257.15520605268716
490	sulfamethoxazole	589.8	294.23578980130884
491	alfacalcidol	589.8	223.1763876399114
492	levonordefrin	590.4	359.37139563409886
493	oxymetholone	591.0	311.3542997936595
494	Anisotropine Methylbromide	591.2	272.2383147170876
495	piroxicam	592.0	467.763829298504
496	Tyloxapol	592.8	483.3329080457899
497	ademetionine	593.2	403.46833828690944
498	tenoxicam	595.2	388.29524849011483
499	testosterone cypionate	596.8	303.378806115391
500	temocapril	596.8	469.3353811508355
501	tazarotene	597.2	454.28152064551335
502	methotrexate	597.6	407.0802132258457
503	montelukast	598.4	280.9382494428269
504	Oxacillin	599.0	429.54801827036755
505	Metipranolol	600.2	214.96790458112577
506	ebastine	601.6	440.64078340525856
507	ethoxzolamide	603.0	261.11683208862655
508	regadenoson	603.6	347.96235428563244
509	tenofovir-disoproxil	603.8	245.7940194553155
510	acetazolamide	604.2	270.1419996964559
511	avanafil	605.2	385.83247660092064
512	nalmefene	605.2	437.79298760944084
513	OPICAPONE	605.4	456.3795569479422
514	terbinafine	607.0	378.4170979223851
515	pimozide	607.2	118.54830239189425
516	acrivastine	609.0	238.84827820187442
517	Cinitapride	609.6	265.21463006402945
518	tulobuterol	610.8	397.3867134165409
519	propylthiouracil	611.0	426.1918582047292
520	Guanabenz	611.6	406.13335248413176
521	penicillin-v-potassium	611.8	318.3860863794145
522	tolazamide	612.8	409.9106000093191
523	physostigmine	613.2	433.39554681606967
524	zolmitriptan	613.4	424.91387362617377
525	ethinyl-estradiol	613.8	332.6427513113731
526	prucalopride	614.2	423.29741317423617
527	seratrodast	614.2	482.43517699272303
528	lornoxicam	615.2	356.4936184562074
529	masoprocol	615.4	377.5013907259151
530	Potassium perchlorate	617.0	480.73537419249686
531	methyprylon	617.8	223.54238971613415
532	benzthiazide	618.6	241.49492748295978
533	amiodarone	619.0	521.409627835927
534	Oxymorphone	621.4	492.4533480442589
535	enoximone	621.8	439.83030818714616
536	danazol	622.4	420.63143011429855
537	paliperidone	623.0	328.296360016373
538	Saquinavir	623.4	375.9126228261031
539	simvastatin	624.2	341.37179145324825
540	mesoridazine	624.8	362.85355172576163
541	streptozotocin	624.8	366.6049645053924
542	Vitamin E	624.8	520.3817829248061
543	calcitriol	625.6	328.50692534557015
544	fesoterodine	626.8	410.4323330343261
545	Efonidipine	627.2	120.92849126653321
546	nilutamide	627.4	327.53060925660066
547	rotigotine	627.8	418.18381126007256
548	tolmetin	628.4	378.1220702365838
549	azathioprine	628.6	378.90473736811475
550	allylestrenol	629.2	312.8125636863072
551	esomeprazole	629.4	85.35103982963535
552	riociguat	629.4	190.15467388418304
553	oxymetazoline	630.0	377.16640889665666
554	timolol	631.0	515.391598689773
555	doravirine	631.4	403.7292409523987
556	reboxetine	631.4	427.41174527614476
557	arotinolol	631.6	311.70145973350844
558	obeticholic acid	632.4	224.1434808331485
559	mometasone	633.0	282.7145203204108
560	medroxyprogesterone acetate	633.4	262.25998551056165
561	diclofenac	634.6	477.0024108953748
562	enzalutamide	635.4	399.68400018014233
563	bopindolol	637.0	209.41227280176298
564	doxercalciferol	637.4	227.18010476271905
565	fenofibric-acid	637.4	383.87146286224504
566	ciprofloxacin	639.2	366.02691157891655
567	niflumic-acid	639.8	193.8806333804385
568	gemfibrozil	640.4	247.02287343482993
569	quinagolide	641.2	342.2414352471074
570	clenbuterol	641.4	471.19454580884104
571	hyoscyamine	643.2	355.06295216482386
572	griseofulvin	643.6	306.2569182892037
573	acemetacin	644.8	312.9747593656715
574	trandolapril	644.8	148.3954177190118
575	teniposide	645.4	453.63013568324584
576	atazanavir	646.2	363.69795160270013
577	omeprazole	648.0	106.99299042460679
578	isotretinoin	648.6	236.37216418182575
579	Alitretinoin	648.6	236.0483001421531
580	tretinoin	649.2	236.46817967752025
581	estradiol cypionate	649.4	314.84170625887543
582	probenecid	650.4	229.1730786981752
583	ribavirin	650.8	246.8049837422251
584	levocarnitine	651.2	380.67597770282276
585	conivaptan	651.6	191.41525540039908
586	norepinephrine	652.6	293.4668635468066
587	mebeverine	653.4	138.99568338621168
588	posaconazole	653.8	391.00281328911177
589	N-Acetyl-D-glucosamine	654.4	446.7463486140653
590	zotepine	654.6	375.95052866035445
591	fluvastatin	655.8	283.3455487562845
592	acetohexamide	656.6	254.21014928597953
593	mosapride	657.0	204.17884317431128
594	miconazole	658.8	464.9120346904347
595	quinestrol	659.8	429.6890736334821
596	minaprine	659.8	415.9088842523083
597	bupropion	660.0	317.981917724892
598	voglibose	660.4	255.81497219670314
599	albuterol	660.6	281.7646180768622
600	aminoglutethimide	660.6	303.0541205791467
601	dienestrol	660.6	138.40628598441617
602	olopatadine	660.6	374.63155232841774
603	atropine	660.6	368.9082541771057
604	tolbutamide	661.0	437.38369882747116
605	demecarium	661.4	267.2083456780495
606	Morphine	661.4	502.8790112939692
607	Pergolide	662.8	410.05511824631577
608	cabergoline	664.2	319.39583591524797
609	resveratrol	664.2	503.766513376981
610	flavoxate	664.6	505.9795450411014
611	latanoprost	665.2	326.57418758989513
612	irbesartan	665.2	304.8060038778764
613	iloprost	665.4	373.55896455579807
614	erlotinib	665.6	147.20326083344756
615	tolterodine	666.0	346.09247319177575
616	Enoxacin	666.6	368.86894691746556
617	vortioxetine	667.8	474.5410414284522
618	lumacaftor	668.0	482.0710528542447
619	carbimazole	668.2	531.2430705430424
620	metformin	668.6	486.6295305465956
621	diflunisal	668.8	442.30328961019495
622	L-Arginine	669.2	239.7575859070991
623	etoposide	669.6	346.0957959871804
624	bupranolol	670.0	262.5995049500284
625	Arbutamine	672.2	275.09489271885803
626	milrinone	672.4	365.5219555649154
627	Hesperetin	672.6	332.5767580574446
628	promazine	672.8	385.64322890464445
629	flucytosine	673.0	469.46991383900206
630	Bromfenac	673.4	372.6611061004354
631	hycanthone	675.2	398.5890113889243
632	apixaban	675.4	390.5141482712246
633	metaraminol	675.4	324.116182872747
634	Urokinase	675.4	363.94889751172485
635	Ximelagatran	676.4	249.1762428483101
636	diltiazem	677.8	499.5089588786171
637	retinol	678.6	372.175093202111
638	zoledronic-acid	679.6	497.78037325712233
639	ALCLOMETASONE	679.6	413.3815428874395
640	Pirbuterol	680.8	315.42067148492345
641	dyphylline	681.0	391.5718324905406
642	ramipril	681.8	36.65651374585423
643	sunitinib	682.2	319.96202899719214
644	adenosine	682.6	220.76752478568943
645	almotriptan	683.8	434.70357716494584
646	nelarabine	684.2	241.18188157488117
647	tiaprofenic-acid	685.8	398.98395957732436
648	fleroxacin	685.8	414.66396033414816
649	dolasetron	686.4	358.9161461957375
650	ramelteon	687.0	362.8195143594126
651	naloxegol	687.8	550.1047173038966
652	aclidinium	687.8	283.25995128150396
653	gabexate	687.8	311.0589976194227
654	vinorelbine	688.6	414.7508890888602
655	metronidazole	689.4	493.85655812189026
656	avatrombopag	690.4	293.9188663560065
657	epoprostenol	690.8	132.5432005045902
658	etofibrate	691.2	342.87271690818443
659	vilanterol	691.2	531.8361589813163
660	tamoxifen	692.0	293.32405288349605
661	cyclandelate	692.8	346.8323802645883
662	escitalopram	694.4	500.32869196159436
663	bortezomib	694.8	436.6442487884159
664	ritonavir	696.2	463.71726299545935
665	citalopram	696.6	494.8341136178871
666	methysergide	696.8	385.73980867937394
667	Ritonavir	696.8	463.89406118207637
668	abacavir	697.8	272.4659611768046
669	pramipexole	698.6	359.3811347302471
670	vincristine	699.0	379.9947368056563
671	ciclopirox	699.2	271.4124168124959
672	idelalisib	700.4	320.19181750944233
673	tetracaine	702.0	425.900810048537
674	amrinone	702.6	476.59867813496925
675	vorapaxar	703.2	354.17961544956256
676	Cilastatin	703.6	406.16289835483497
677	cholic-acid	704.0	125.88288207695278
678	levomepromazine	705.2	276.90738523918066
679	eflornithine	705.4	192.30262608711303
680	entacapone	705.6	586.8332812647899
681	maxacalcitol	705.8	421.0412093845447
682	risperidone	706.4	324.4831274504115
683	trimethadione	706.6	346.76548271129866
684	dimenhydrinate	706.6	365.882904765992
685	zuclopenthixol	707.2	239.17817626196586
686	cholecalciferol	707.2	244.8636355198542
687	Remikiren	708.2	444.42175914327146
688	clemastine	708.4	471.8254974034362
689	letrozole	709.6	518.8282952962377
690	candesartan	709.6	153.04999183273418
691	vandetanib	710.4	293.97414852330127
692	Calcidiol	711.2	321.90557621762315
693	mestinon	711.8	506.0169957620001
694	orlistat	712.2	358.5612918316756
695	Trimetrexate	713.4	408.7319414971137
696	Trimeprazine	713.6	273.33002030512495
697	bromopride	713.8	496.2234375762596
698	tirofiban	714.0	427.7101822496163
699	Apomorphine	714.2	305.5956478747693
700	maraviroc	714.2	436.7862177312833
701	phytonadione	715.4	379.4934782048303
702	cleviprex	715.6	347.6791624472194
703	Terfenadine	715.8	377.86598153313565
704	Phenobarbital	716.8	184.26529787238832
705	phenprocoumon	717.2	280.4954545086248
706	bethanechol	717.6	344.27067839129137
707	clidinium	717.8	403.816418685521
708	deoxycholic-acid	718.2	198.71260654523155
709	tiagabine	718.2	420.27336341957243
710	lenalidomide	718.4	304.5132181039109
711	Glycopyrronium	719.6	424.72261536207367
712	pranlukast	720.0	347.0280968451978
713	mepenzolate	721.0	423.98290059859727
714	bepotastine	721.2	197.40871308024882
715	ticagrelor	721.4	377.64970541495194
716	bazedoxifene	721.8	276.6852001824456
717	viloxazine	722.8	498.4823968807725
718	doxepin	725.4	293.644002152266
719	droxicam	725.8	381.56873561653344
720	metaproterenol	726.0	367.3302328967764
721	tipranavir	726.8	283.50079364968275
722	L-Glutamic Acid	726.8	375.5085884503842
723	safinamide	728.2	307.13954483263797
724	losartan	728.2	456.0232450215669
725	toloxatone	729.0	392.9141127523927
726	Isothipendyl	729.4	505.7838471125783
727	nadolol	730.2	507.7644138771444
728	salmeterol	730.6	368.09210803819195
729	diclofenamide	730.8	575.7683561989144
730	moxifloxacin	731.4	321.06198778429064
731	zileuton	732.6	327.9592962548859
732	mebendazole	732.8	365.6155084238085
733	clomipramine	733.2	479.74336889632986
734	fenofibrate	734.2	425.22958504788915
735	dapsone	735.4	445.26598792182637
736	trovafloxacin	736.2	364.1142677786741
737	metoclopramide	736.2	363.82372105183026
738	etofenamate	736.4	130.41012230651424
739	cilazapril	736.4	366.16089359733655
740	profenamine	737.2	332.82908526749884
741	Tolcapone	738.6	382.12995171799867
742	guanfacine	739.2	420.06808971879786
743	ergocalciferol	739.8	281.1053183417205
744	dobutamine	740.8	275.301107880081
745	cyclobenzaprine	742.4	180.7202257634712
746	tropisetron	742.4	322.44270808935966
747	Dexchlorpheniramine maleate	743.6	408.94168288400243
748	tapentadol	744.8	435.8247354155108
749	aspirin	744.8	184.01412989224497
750	mirabegron	744.8	419.1833727618499
751	triflupromazine	745.8	353.77210178305467
752	lovastatin	747.2	325.9627279306639
753	drospirenone	747.4	382.1999476713726
754	eliglustat	747.6	327.1189386140766
755	tubocurarine	748.0	424.6504444834598
756	sertraline	748.8	471.2809141053773
757	mazindol	749.0	415.34383346812797
758	fenoldopam	749.0	426.3032957883389
759	L-Cystine	749.2	411.2228106513548
760	bimatoprost	749.4	280.44928240236237
761	indacaterol	751.6	251.1081440336016
762	deferoxamine-mesylate	751.8	237.67351556284095
763	imidapril	752.0	256.1435144601557
764	isosorbide-dinitrate	752.6	405.7237976752165
765	Phenazopyridine	752.6	289.8306402021705
766	Thioridazine	753.0	404.3426764515465
767	nandrolone	754.0	329.30457026892293
768	almitrine	754.2	387.8346297070441
769	prochlorperazine	754.6	208.98038185437406
770	Theophylline	754.8	225.09597952873347
771	hydralazine	754.8	455.78525645308014
772	Pentazocine	755.2	380.08249104635166
773	MAGNESIUM ACETATE	755.4	705.6885290267938
774	Niclosamide	756.0	517.3784881496331
775	triprolidine	757.2	418.00143540423403
776	chlorphenamine	757.4	519.0407498453277
777	Thalidomide	759.8	270.0337016003743
778	vilazodone	760.2	342.04999634556344
779	benzonatate	760.6	403.4727995788564
780	chenodeoxycholic-acid	762.0	241.93697526422042
781	aprepitant	762.4	389.9029366393641
782	aceclofenac	762.6	449.4633466702263
783	nimesulide	762.8	379.10381164003087
784	domperidone	763.2	294.06325850061586
785	testosterone	763.4	367.49802720558927
786	raltegravir	763.8	373.26224025475705
787	ursodiol	764.4	229.09452197728345
788	pamidronate	767.0	380.7164299055138
789	resorcinol	767.4	431.6796265750794
790	flupentixol	767.8	237.85436720817216
791	Carboprost Tromethamine	768.6	416.2484834807209
792	formoterol	769.2	418.8032951159769
793	eletriptan	770.0	375.27523232955303
794	ergonovine	770.6	361.73374185994874
795	pyridoxal	770.8	309.59441209427536
796	neostigmine	772.4	309.89401414031863
797	ataluren	774.0	426.27749178205505
798	molsidomine	774.0	267.923496543323
799	Dinoprostone	774.4	249.72244592747364
800	quazepam	774.4	375.75364269691386
801	paricalcitol	774.8	324.8364203718542
802	quinidine	775.0	425.32575750828914
803	minoxidil	775.6	509.41564561760373
804	Arformoterol	777.2	407.35819618610844
805	magnesium carbonate	777.2	592.737462963157
806	methacholine	778.2	318.9995297802177
807	itopride	778.6	465.93433013676935
808	Midazolam	780.2	276.98321248768855
809	verapamil	780.2	386.72884557529454
810	bosutinib	781.2	340.6247201833713
811	brimonidine	781.2	417.1153317728803
812	iguratimod	781.6	376.4031083824893
813	Lisdexamfetamine	781.8	376.4434884547746
814	alclofenac	783.4	414.0685933513915
815	chloroquine	783.4	245.0781508009231
816	Benzocaine	784.0	174.91140614608298
817	cobicistat	785.2	491.8970420728305
818	Astemizole	786.4	350.92349593608003
819	Tafluprost	786.6	371.72140105191687
820	clinofibrate	786.8	498.1041055843648
821	midodrine	788.2	691.7284149144084
822	deferasirox	788.8	296.9355148849662
823	Moxisylyte	789.2	295.3814483003291
824	iloperidone	790.0	319.31410867670724
825	Hydroxychloroquine	790.0	386.2492718439738
826	fentiazac	790.2	337.98180424395633
827	indobufen	790.2	257.31051280505426
828	efavirenz	790.6	481.2653114447373
829	aliskiren-hemifumarate	791.0	266.4254117009111
830	quetiapine	793.6	489.29571835445284
831	rosuvastatin	794.4	383.5717664270925
832	thiethylperazine	794.8	296.4400445284004
833	etifoxine	794.8	135.57728423301597
834	homatropine	795.8	415.3151815188075
835	Methyltestosterone	796.4	252.3802686423802
836	etoricoxib	797.6	313.99092343569424
837	disulfiram	798.8	308.9444933964676
838	paracetamol	799.0	304.9860652554474
839	mitotane	799.4	333.8769234313746
840	propantheline	799.8	362.6426615829969
841	flunarizine	800.4	329.87088383184107
842	netupitant	800.8	444.78781458129
843	pentamidine	801.4	91.02362330735906
844	firocoxib	801.6	241.19867329651711
845	cinacalcet	801.6	294.4015964630627
846	capsaicin	802.2	278.29786201119117
847	Glycodiazine	803.6	316.74248215229983
848	tipiracil	804.0	465.37619191359585
849	sapropterin	804.4	207.2216204936155
850	carbinoxamine	805.6	247.5405017365845
851	racecadotril	805.8	341.29854965997146
852	perphenazine	807.2	201.4142497441529
853	Cisapride	807.4	263.0338381273405
854	pralidoxime	807.4	397.7018984113604
855	nonivamide	809.2	179.98249914922283
856	sarpogrelate	809.4	210.0078569958753
857	mizolastine	809.4	375.53535119879194
858	ibudilast	810.8	176.27024706398979
859	mecamylamine	811.2	552.7279620211012
860	Glutethimide	811.2	385.1664575219395
861	ibrutinib	811.4	111.62571388349551
862	amsacrine	812.0	450.7604685417744
863	perindopril	812.4	268.79043881805023
864	diacerein	813.0	251.70121175711492
865	alizapride	813.6	244.47453855156368
866	ramosetron	813.6	454.1566910219424
867	azelnidipine	814.2	177.42378645491704
868	isosorbide	814.8	334.5044095374529
869	edrophonium	815.0	470.17549914898797
870	tramadol	815.6	398.673801496913
871	estramustine	816.2	442.55530727808474
872	teriflunomide	816.4	441.96300750175914
873	perospirone	816.6	384.10974994134165
874	linezolid	817.0	370.1161979703131
875	mephenytoin	818.0	312.7435051284039
876	loxoprofen	818.2	347.06152192370735
877	Glutathione	818.6	418.89413937175107
878	procarbazine	818.6	333.7143988502744
879	benperidol	819.0	323.6703569992161
880	Dezocine	819.4	339.6826460094775
881	lenacapavir	820.0	529.0160678089088
882	estradiol	820.2	250.331180638769
883	trimethobenzamide	821.0	455.33613957163556
884	isoetharine	822.0	325.39744928318044
885	phenyl-salicylate	822.0	370.31270569614543
886	mitiglinide	822.0	294.1156235224508
887	alprostadil	822.2	210.93648333088328
888	rivastigmine	823.0	481.0862708496263
889	propiverine	823.0	188.3626820790148
890	carisoprodol	823.2	288.9294031420132
891	niacin	823.6	312.301617030716
892	etodolac	824.2	311.5472676818078
893	aurothioglucose	825.2	599.6575689508138
894	oxyphencyclimine	825.2	378.39622091136164
895	ritodrine	825.4	219.8585909169801
896	ambenonium	826.0	376.9734738678572
897	lurasidone	826.8	419.9008216233924
898	dacarbazine	827.6	252.88099968166847
899	Dehydroepiandrosterone	827.6	235.56379178473077
900	Oxycodone	827.8	410.43720591583804
901	Drostanolone	828.0	302.11504431259294
902	L-Aspartic Acid	828.4	336.2726572292193
903	promethazine	828.4	394.9680999777071
904	alendronate	829.6	319.18458609400295
905	naphazoline	830.0	419.02804202105614
906	amlodipine	830.8	385.96269249760394
907	progesterone	832.4	298.20010060360477
908	carglumic-acid	832.6	309.3013094055698
909	Theobromine	833.0	185.33887881391752
910	Benzoic Acid	833.6	388.3906538525355
911	hexoprenaline	834.8	277.9526938167716
912	L-Citrulline	834.8	330.63227307690335
913	Oxygen	836.2	753.8890501924006
914	oxandrolone	836.8	448.6799527502872
915	boceprevir	837.8	409.86241593978826
916	Flurazepam	838.2	342.33784482583866
917	dihydrotachysterol	839.4	385.05103557840226
918	ibandronate	840.2	404.72793330829046
919	clonazepam	840.2	267.2231277415935
920	cupric chloride	841.0	761.8060776864412
921	benazepril	841.8	287.01254327990614
922	Nitric Oxide	842.2	762.9283714740199
923	hydroxyurea	844.0	495.69496668818414
924	nateglinide	844.2	169.84169099487912
925	metyrapone	845.4	231.68038328697577
926	Calcium Chloride	845.6	765.9910573890533
927	edoxaban	846.2	402.4589420052684
928	buphenine	846.4	278.8409941167188
929	tofisopam	846.6	225.84795770606385
930	Lithium	846.8	762.6166795972928
931	lercanidipine	848.0	286.80742668208575
932	papaverine	848.6	240.47307541593923
933	fluphenazine	848.6	359.6134035321821
934	MAGNESIUM	849.2	773.3855442145269
935	ticlopidine	851.2	200.41132702519585
936	antazoline	852.2	216.12658327933656
937	pyridoxine	853.0	164.91209779758427
938	icosapent	853.2	388.34868353066423
939	amlexanox	853.8	283.49462076025355
940	isocarboxazid	854.6	297.4639473953104
941	lisuride	855.0	276.3222756130964
942	Spaglumic acid	855.2	305.6291870878827
943	potassium chloride	855.2	753.4482065809168
944	bupivacaine	857.0	247.92337525937324
945	carprofen	857.6	294.6392709738469
946	anastrozole	858.8	482.602527966856
947	clofibrate	859.0	496.14765947245985
948	Phenformin	859.4	288.3492673824576
949	maprotiline	862.0	254.10135772954854
950	sacubitril	862.2	318.11428763889245
951	Triazolam	862.2	337.29467828591663
952	ibuproxam	862.4	260.11593569022256
953	miglitol	862.8	362.26192181900655
954	ketoprofen	862.8	424.48345079637676
955	cilostazol	863.0	354.98521095955533
956	rasagiline	863.2	387.25017753385214
957	Ecothiopate	863.4	443.1752475037386
958	Hydromorphone	863.6	341.0026392859738
959	loratadine	864.8	403.4782522020239
960	chloropyramine	865.4	195.57428256291774
961	deferiprone	867.0	215.84253519637875
962	diazoxide	867.4	286.0354873088303
963	ruxolitinib	867.8	275.44636501504243
964	Isoniazid	869.0	404.8660272238213
965	chlorthalidone	869.2	274.9576331000832
966	dimethyl-fumarate	869.8	291.20216345350184
967	macitentan	870.6	431.25085507161606
968	chloroxine	870.6	352.64543099266155
969	granisetron	870.8	214.7130643440217
970	mestranol	871.0	388.46943251689703
971	phenazone	871.0	363.09640593098686
972	carmofur	872.4	401.97860639591255
973	mepyramine	872.8	433.6660005119147
974	levallorphan	873.4	307.1706366174996
975	perampanel	873.6	445.0048314344463
976	procainamide	874.0	349.88283753279467
977	acamprosate	874.0	492.7940746397018
978	flurbiprofen-(+/-)	874.4	271.86816658078965
979	fenoprofen	875.4	397.7660116198969
980	tryptophan	875.8	340.05617183047866
981	trimethoprim	876.0	328.8190992019776
982	pemirolast	876.6	283.4577569938773
983	nevirapine	876.6	191.40350049045603
984	Heroin	877.2	351.7487739850702
985	procaterol	877.4	217.9123677077554
986	Azelaic Acid	878.8	308.27212004980277
987	Fentanyl	879.4	203.04876261627402
988	selegiline	879.4	260.7475790875152
989	pregabalin	880.0	273.64301562437146
990	ozagrel	880.4	288.85342303666755
991	Nitrazepam	881.2	346.4602430294131
992	famotidine	881.4	288.7945636607448
993	isoprenaline	881.4	360.4404250358164
994	flutamide	882.2	337.4013930024593
995	azelastine	883.2	255.69454432975294
996	primidone	883.6	236.00063559236443
997	ezetimibe	884.0	389.5978696040316
998	Dexibuprofen	884.6	342.6438384095065
999	Temazepam	886.8	304.1672237437821
1000	temozolomide	887.4	295.01067777285624
1001	teneligliptin	887.8	289.7769832129529
1002	dutasteride	888.4	453.73869131913364
1003	debrisoquin	889.0	415.57730929395075
1004	flecainide	889.2	183.3294848080908
1005	Levorphanol	889.6	401.2104186084903
1006	amiloride	889.6	332.56924091082146
1007	brompheniramine	890.0	331.20386471175124
1008	chlorpropamide	890.8	371.2730800906524
1009	amitriptyline	891.0	272.52798021487627
1010	vorinostat	891.8	245.6454762457473
1011	ranolazine	892.0	272.29487692573286
1012	Dextropropoxyphene	892.2	319.416968866715
1013	ibuprofen	892.4	339.836431243032
1014	amifostine	892.8	491.5589486521428
1015	ivabradine	893.4	419.7276497921003
1016	guanadrel	894.6	200.61355886380164
1017	eslicarbazepine-acetate	895.0	306.44656956800804
1018	bevantolol	895.0	411.48329249193097
1019	Dexbrompheniramine	895.6	330.23521919989093
1020	ketoconazole	896.0	229.74007051448382
1021	propofol	896.2	318.342111571812
1022	phentermine	896.4	110.46628444914765
1023	rebamipide	897.6	395.0801184570036
1024	epinephrine	898.4	351.89387604787896
1025	miglustat	900.6	309.0951309872092
1026	trimebutine	900.8	412.9318345683704
1027	pilocarpine	901.2	396.57937414847987
1028	podophyllotoxin	902.8	435.667533791537
1029	dydrogesterone	905.6	341.63035579409507
1030	testolactone	906.2	466.8010282765024
1031	methantheline	907.2	320.46247830284284
1032	carbamazepine	907.8	353.741006952827
1033	pentolinium	910.4	398.5257833566105
1034	imiquimod	911.0	286.0882730906669
1035	sumatriptan	911.2	335.57368788389834
1036	methimazole	911.2	456.7392034848771
1037	suvorexant	912.0	268.0139921720506
1038	umeclidinium	912.0	319.1018646137938
1039	Phenylbutazone	912.4	318.5024332717099
1040	lorcaserin	913.0	349.3193381420502
1041	exemestane	913.0	257.3392702251252
1042	blonanserin	913.2	203.41755086520925
1043	palonosetron	913.4	205.32608212304643
1044	methsuximide	914.4	202.26294766961152
1045	L-Asparagine	914.4	232.6377011578304
1046	zaleplon	915.0	395.26573339969656
1047	colchicine	915.6	266.99494377234936
1048	cinchocaine	916.0	292.4790590794493
1049	sulfinpyrazone	916.2	345.32839443057674
1050	atomoxetine	917.4	348.39603901307487
1051	cariprazine	917.4	362.3828086430149
1052	moclobemide	917.6	146.788282911137
1053	tocainide	917.6	288.62917385461924
1054	etomidate	917.6	251.55476540904567
1055	Tranexamic Acid	919.4	489.10510117969534
1056	L-Ornithine	919.6	300.66310049621984
1057	L-Serine	920.0	339.5865132775446
1058	Benzatropine	922.8	172.33745965401718
1059	L-Isoleucine	924.2	486.59706123239175
1060	L-Phenylalanine	924.2	332.238167584641
1061	rizatriptan	926.0	288.0
1062	travoprost	926.2	301.673167517431
1063	memantine	926.2	487.65223264125433
1064	felbinac	927.4	423.5024203000497
1065	propafenone	928.0	218.67327225795108
1066	metixene	929.6	219.37137461391814
1067	ropinirole	929.8	162.5475315100171
1068	Butorphanol	930.0	301.7590098074952
1069	pravastatin	931.2	314.50468994913257
1070	trifluoperazine	932.2	319.5288719349161
1071	methoxamine	932.2	333.182682623212
1072	isoflurophate	932.4	204.61500433741412
1073	menadione	932.4	248.064104618141
1074	L-Lysine	932.6	281.83825148478337
1075	topiramate	932.6	362.21650983907404
1076	riluzole	934.2	283.56604169046756
1077	desvenlafaxine	934.6	342.6328939258459
1078	lorazepam	934.6	295.5280020573346
1079	ifosfamide	935.0	397.85047442475167
1080	nisoldipine	935.2	191.82074965967576
1081	Alprazolam	936.6	250.90097648275506
1082	L-Valine	938.2	459.81920360071956
1083	donepezil	940.2	374.89158432805607
1084	solifenacin-succinate	940.2	292.8433028088571
1085	coumarin	941.6	346.87000446853284
1086	monobenzone	942.6	201.74439273496552
1087	etidronic-acid	943.8	179.11783830763477
1088	deserpidine	944.8	360.9808859205706
1089	Codeine	945.0	465.2456340472203
1090	Treprostinil	947.0	277.8641754526841
1091	Camphor	947.4	223.86558467080198
1092	pirlindole	947.6	208.9456867226505
1093	tacrine	948.0	393.47998678458856
1094	Butriptyline	950.0	241.64953962298375
1095	cisplatin	950.6	655.6834602153695
1096	lomitapide	951.6	358.32499215098017
1097	halofuginone	951.6	384.4077262490961
1098	thonzylamine	952.4	338.7614204716942
1099	fosphenytoin	952.6	92.66768584571432
1100	quinapril	952.8	277.76194843786647
1101	bretylium	954.2	458.33088484194474
1102	imipramine	954.6	316.07166908788264
1103	valsartan	955.2	359.0671246438471
1104	lamotrigine	955.8	419.8305610600543
1105	trospium	956.0	384.63749167235375
1106	nicardipine	956.2	273.7383787487608
1107	bunazosin	956.4	417.4006468610225
1108	fluvoxamine	958.0	320.77328442375
1109	dantrolene	958.2	130.67019553057997
1110	acenocoumarol	959.0	236.25515867383723
1111	allopurinol	960.4	460.9498888165611
1112	carvedilol	960.6	525.339223740242
1113	Pegaptanib	960.8	449.56278760591385
1114	Diphenoxylate	961.2	498.4487937591985
1115	cyclopentolate	961.4	496.66215881623197
1116	oxcarbazepine	962.0	134.51393979807446
1117	propacetamol	962.6	331.60865489308327
1118	Dexfenfluramine	963.0	316.34316809439713
1119	emedastine	963.2	378.2488598793128
1120	L-Histidine	964.2	313.57566869896016
1121	fluconazole	964.8	153.9389489375577
1122	trimipramine	965.2	230.38055473498628
1123	laropiprant	965.2	315.35725772526627
1124	atenolol-(+/-)	965.8	208.9813388798148
1125	isoxsuprine	969.8	362.64679786260353
1126	topiroxostat	970.0	393.33637004477475
1127	trapidil	970.2	227.83810041342952
1128	dronedarone	970.4	189.69264614106686
1129	Bromazepam	971.4	436.9299715057322
1130	Fenfluramine	971.6	322.67212460948656
1131	dimetindene	971.8	478.2663483875904
1132	tiludronate	972.0	345.50687402713135
1133	Sibutramine	972.8	486.9627295799957
1134	dihydrotestosterone	973.0	314.9190372143291
1135	vigabatrin	973.6	286.98135827959277
1136	pirfenidone	975.2	275.90161289851136
1137	sulindac	975.8	402.11217340438725
1138	reserpine	976.6	350.57139073233003
1139	oxybutynin	978.0	327.00382260762643
1140	nicotinamide	979.4	259.9621126241284
1141	mephentermine	979.8	238.36149017825846
1142	gamma-Homolinolenic acid	979.8	370.44189827825903
1143	darifenacin	980.0	282.8126588397344
1144	meprobamate	980.4	129.4287448753174
1145	adapalene	980.6	144.90445127738485
1146	phenylbutyrate	980.8	292.06711557448574
1147	ondansetron	981.2	338.57229656308266
1148	medrysone	982.6	301.71145155595275
1149	ethinamate	982.8	398.3763296181137
1150	6-Aminocaproic Acid	983.6	335.0317895364558
1151	fluspirilene	984.8	96.33119951500656
1152	levetiracetam	985.8	320.7696993171269
1153	xylometazoline	987.2	371.8786092261828
1154	trazodone	988.6	233.4711973670414
1155	pipamperone	991.2	349.3332220101604
1156	mequinol	991.6	547.6671434365951
1157	tadalafil	992.2	434.1724311837406
1158	Prazepam	992.2	216.4386749174001
1159	cabozantinib	992.6	544.0260104075907
1160	toremifene	992.8	176.34398203511228
1161	caffeine	994.0	256.78785017987127
1162	droperidol	994.4	280.4082737723693
1163	naproxen	994.8	89.83429189346349
1164	methocarbamol	995.8	362.2777939647971
1165	Rimonabant	996.8	263.8298694234601
1166	vesnarinone	997.0	360.58702139705474
1167	Monoethanolamine oleate	998.6	330.7359974360215
1168	methoxsalen	999.0	269.5180884467683
1169	Zopiclone	999.8	208.13385116313972
1170	eperisone	999.8	386.7760333836625
1171	orphenadrine	1000.2	346.32672435144246
1172	ridogrel	1000.6	129.61211363140407
1173	oxazepam	1001.2	229.74703480132231
1174	Methdilazine	1001.4	286.5323716441128
1175	eszopiclone	1002.2	214.0226623514435
1176	captopril	1002.8	145.11099200267358
1177	oxaprozin	1005.4	343.00481046189424
1178	Mequitazine	1008.0	206.51271147316817
1179	thioguanine	1009.0	371.32532905795694
1180	5-fluorouracil	1009.0	404.01794514600465
1181	tandospirone	1009.8	373.77426342646976
1182	carbachol	1012.8	158.8354494437561
1183	triflusal	1013.0	135.08145690656434
1184	acetylcholine	1015.4	193.0163205534703
1185	sotalol	1015.4	317.8817390162575
1186	coenzyme Q10	1017.0	204.58127969098248
1187	ziprasidone	1017.4	272.34959151796056
1188	paroxetine	1018.4	398.67881809797717
1189	pargyline	1019.2	343.59525607900935
1190	meclizine	1020.0	480.3555974483903
1191	CARMELLOSE	1020.4	243.86328136888505
1192	trimetazidine	1020.4	250.32638694312672
1193	Glycine	1022.2	467.0847888767092
1194	dexrazoxane	1023.4	190.3163156431944
1195	nicorandil	1023.6	397.17603150240575
1196	bromperidol	1023.8	359.96972094885984
1197	brivaracetam	1024.4	417.4868860215851
1198	amantadine	1024.8	407.72686936232196
1199	chlorzoxazone	1024.8	294.048805472833
1200	baricitinib	1026.6	443.34952351389757
1201	doxapram	1026.8	304.2050295442204
1202	clopidogrel	1027.8	209.19058296204446
1203	armodafinil	1028.0	465.0338697342377
1204	nimodipine	1028.6	204.64921206786994
1205	etilefrine	1030.0	308.31071989147574
1206	betaine	1030.0	307.96347185989447
1207	tropicamide	1030.2	399.96462343562337
1208	Choline	1031.4	406.3419742039948
1209	Aranidipine	1031.6	179.69084562102768
1210	phenylephrine	1031.8	307.5771447946027
1211	efinaconazole	1032.2	63.91165777853051
1212	ospemifene	1033.6	243.12198584249842
1213	Estazolam	1034.8	89.32356911812245
1214	Sertindole	1035.2	365.2857785351081
1215	alverine	1035.4	289.46554199075234
1216	terazosin	1036.2	339.0747705152951
1217	zonisamide	1036.2	288.17997848566785
1218	diphenylpyraline	1037.6	127.55312618669917
1219	moexipril	1038.6	199.3747727271432
1220	hydroxyzine	1039.0	385.60536821989393
1221	Levomilnacipran	1039.2	185.67229195547728
1222	tolperisone	1040.8	289.2415945191839
1223	protriptyline	1042.0	293.8877336671267
1224	vernakalant	1042.4	62.34019570068737
1225	Hydrocodone	1042.8	332.1937687555262
1226	cevimeline	1043.2	242.94484970873532
1227	gabapentin	1043.6	380.6327626466224
1228	methylphenidate	1043.8	352.5467344906204
1229	clofedanol	1043.8	229.86561291328462
1230	Dexmethylphenidate	1044.4	362.16267063296294
1231	alprenolol	1044.6	221.51365646388484
1232	pheniramine	1045.0	293.8443465510269
1233	modafinil	1045.4	458.59055812347464
1234	fingolimod	1049.0	306.3600822561582
1235	esmolol	1049.2	189.91893007280765
1236	milnacipran	1051.0	183.15021157508937
1237	stanozolol	1051.0	312.42759161124036
1238	lesinurad	1051.2	412.7949854346586
1239	Acetohydroxamic Acid	1051.4	272.3385760409274
1240	Levamisole	1051.4	254.48241589547987
1241	Estrone	1052.4	99.1806432727677
1242	cinnarizine	1053.2	324.55615846876174
1243	alosetron	1053.4	205.46483884110197
1244	dipyridamole	1053.8	270.5137704443158
1245	rupatadine	1054.2	239.43621279998564
1246	venlafaxine	1054.2	344.9720278515347
1247	penbutolol	1054.4	254.9290097262373
1248	Gamma Hydroxybutyric Acid	1057.2	401.3710253618216
1249	GAMMA-AMINOBUTYRIC ACID	1058.6	385.07765450620474
1250	mexiletine	1059.8	138.56117782409328
1251	haloperidol	1060.8	275.7892311168078
1252	mercaptopurine	1061.0	283.14042452465173
1253	Phenylpropanolamine	1064.2	272.2328047829651
1254	olanzapine	1064.6	263.10701244930743
1255	diazepam	1064.8	239.34013453660464
1256	warfarin	1065.2	184.91538605535237
1257	ketotifen	1066.4	324.9935383973041
1258	asenapine	1067.0	180.91158061329295
1259	Bromodiphenhydramine	1067.4	363.6994638434321
1260	loperamide	1067.4	286.38226202053784
1261	selexipag	1067.6	145.45549147419632
1262	melatonin	1068.2	237.95734911954284
1263	clozapine	1068.8	308.7056850788466
1264	tridihexethyl	1069.4	287.236487932853
1265	Pyruvic acid	1069.8	382.30707552960615
1266	agomelatine	1070.4	249.25850035655756
1267	doxazosin	1073.0	337.08826737221216
1268	Benzphetamine	1073.2	206.10846658980313
1269	gabapentin-enacarbil	1073.4	163.85908580240525
1270	isradipine	1073.4	222.4888761264257
1271	ethotoin	1073.8	182.8966921516078
1272	pirenzepine	1073.8	205.6227127532365
1273	clobazam	1074.6	149.36130690376274
1274	anagrelide	1076.0	260.49184248263896
1275	yohimbine	1076.2	264.63408699560983
1276	doxylamine	1077.0	286.08477764466954
1277	baclofen	1077.2	240.21906668705546
1278	octanoic acid	1077.4	318.8217370255673
1279	brexpiprazole	1079.0	223.77220560203628
1280	chlorcyclizine	1079.4	357.2475332315116
1281	thiotepa	1080.0	235.19672616769137
1282	aripiprazole	1083.0	249.92698933888673
1283	felodipine	1085.0	221.37298841547945
1284	galantamine	1085.8	176.92710363310647
1285	dyclonine	1086.0	305.609227609377
1286	dextromethorphan	1087.2	389.3863120347196
1287	L-Cysteine	1091.0	227.12111306525424
1288	pyrazinamide	1091.0	345.9934970487162
1289	fotemustine	1091.6	35.83713158164308
1290	isopropamide-iodide	1096.0	289.09168095951844
1291	probucol	1096.6	189.95209922504145
1292	Succinic acid	1098.2	337.2924547036296
1293	prazosin	1100.0	231.96982562393757
1294	apremilast	1100.6	169.53996578978067
1295	roxatidine-acetate	1101.4	288.753874432881
1296	tolazoline	1106.8	267.50457940005435
1297	Aluminium chloride	1107.0	617.7329520108184
1298	Tromethamine	1110.0	243.39576824587564
1299	Amphetamine	1110.2	257.7182570172319
1300	nortriptyline	1110.4	275.3294390362208
1301	dalfampridine	1111.6	287.1659798792329
1302	betaxolol	1112.2	198.57668543915221
1303	lasofoxifene	1112.4	150.32730956150317
1304	levobetaxolol	1116.8	189.12350462065785
1305	Nefazodone	1120.0	122.11674741819813
1306	phenelzine	1121.2	200.8835483557576
1307	naratriptan	1121.6	272.65142581692106
1308	abiraterone	1122.6	85.33639317430753
1309	ambrisentan	1124.2	176.48994305625462
1310	dextroamphetamine	1125.8	249.2813671336067
1311	nabumetone	1126.4	410.5317283718763
1312	Ethchlorvynol	1127.2	271.19587017504523
1313	ibutilide	1128.0	210.60626771300042
1314	zinc	1128.0	630.5798918455932
1315	dapiprazole	1129.0	136.98357565781382
1316	Nitroglycerin	1129.0	286.48647437531844
1317	tetrahydrozoline	1129.4	308.4401076384198
1318	CHROMIUM	1129.6	630.3517272126729
1319	Iron	1130.2	631.244168289894
1320	alcaftadine	1131.0	402.3922215948017
1321	pindolol	1133.0	297.98573791374645
1322	cyclophosphamide	1135.0	332.5928441803882
1323	propranolol	1135.6	320.8976472335065
1324	anisindione	1136.2	212.34335402832838
1325	nifedipine	1136.4	129.6236861071309
1326	epinastine	1138.4	201.63283462769647
1327	duloxetine	1139.0	277.8902661123631
1328	nitisinone	1140.2	228.13307519954225
1329	levocetirizine	1141.6	264.2173347833181
1330	Pethidine	1142.2	224.20570911553523
1331	Halazepam	1142.8	159.3791077901994
1332	cetirizine	1143.6	260.2427712732863
1333	loxapine	1144.8	231.59490495259175
1334	acetylcysteine	1145.2	260.07248989464455
1335	Phenol	1146.2	285.8718244248636
1336	phensuximide	1146.2	249.25127883322884
1337	dicycloverine	1147.8	363.3217582254055
1338	zolpidem	1149.4	217.28276507813501
1339	glycolic acid	1149.8	295.29172016837856
1340	tetrabenazine	1150.0	133.38853024154662
1341	finasteride	1152.8	282.48398184675887
1342	amoxapine	1157.8	139.3796972302638
1343	lacosamide	1158.0	213.80364823828427
1344	amfepramone	1159.6	156.68694904171184
1345	lidocaine	1159.6	159.38099008351028
1346	bepridil	1159.6	188.64994036574728
1347	tripelennamine	1159.6	247.0421016749979
1348	metoprolol	1161.2	186.4717136726104
1349	felbamate	1161.4	211.80014164301213
1350	bisoprolol	1161.6	194.53868509887693
1351	Phendimetrazine	1162.4	192.16607400891553
1352	clomethiazole	1163.2	304.7174100703798
1353	IRON DEXTRAN	1165.6	295.94898208981897
1354	biperiden	1166.2	242.2678270014407
1355	Clorazepate	1168.2	149.0426113566184
1356	Chlordiazepoxide	1170.6	106.05093116045705
1357	disopyramide	1171.2	220.22533914152567
1358	Tasosartan	1175.4	197.2113079922143
1359	clodronic-acid	1176.4	189.31666593303402
1360	triamterene	1177.4	322.2333005758406
1361	Cycrimine	1177.4	225.61870489833063
1362	aprindine	1178.6	143.84470793185267
1363	imidafenacin	1181.0	139.30541985149034
1364	oxprenolol	1181.4	272.9630011558343
1365	phenacemide	1182.2	130.69889058442692
1366	chloramphenicol	1184.0	181.41526947861914
1367	procyclidine	1184.2	224.82148473844754
1368	Phenmetrazine	1184.8	206.97511927765618
1369	trihexyphenidyl	1186.6	226.92135201430474
1370	lomustine	1186.8	166.57790969993593
1371	pizotifen	1188.6	206.50980606256934
1372	auranofin	1191.2	261.8791706111809
1373	desloratadine	1193.2	130.13147198122365
1374	carmustine	1193.2	97.87083324463934
1375	diphenidol	1206.2	234.41778942733848
1376	diphenhydramine	1207.4	211.76236681714718
1377	Adenine	1214.4	208.18333266618632
1378	phenindione	1216.0	273.28739451354136
1379	fluoxetine	1220.6	215.97059985099824
1380	atovaquone	1222.0	146.9200462836845
1381	eucalyptol	1230.6	210.50961973268585
1382	Methamphetamine	1230.8	151.01225115863946
1383	azatadine	1232.0	192.7213013654692
1384	guanethidine	1235.0	189.39772965904316
1385	hydroquinone	1238.6	224.0542345058446
1386	Valproic Acid	1246.2	137.9952897746876
1387	isometheptene-mucate	1247.8	202.41961367416945
1388	edaravone	1252.6	123.90843393409506
1389	mirtazapine	1254.2	158.70003150598302
1390	phenoxybenzamine	1254.8	109.99181787751306
1391	urea	1259.0	111.25421340335835
1392	perhexiline	1261.8	172.01075547767354
1393	Pseudoephedrine	1263.8	67.60695230521785
1394	Enflurane	1266.2	140.8445952104659
1395	propylhexedrine	1267.6	260.5317638983777
1396	ephedrine	1272.4	65.04460008332744
1397	mianserin	1278.2	93.4382148802084
1398	cyclizine	1284.4	179.57533238170546
1399	cyproheptadine	1285.4	87.75135326591837
1400	desipramine	1286.6	48.95712409854158
1401	piribedil	1287.2	101.6695628002796
1402	setiptiline	1289.0	109.6540012949824
1403	taurine	1290.6	162.16133941232727
1404	levomenthol	1303.0	153.6440691989118
1405	tranylcypromine	1308.8	65.09377850455449
1406	phenindamine	1314.4	44.46684157886638
1407	phenytoin	1314.6	71.93955796361276
1408	plerixafor	1316.8	46.7782000508784
1409	dimercaprol	1335.2	62.14660087245319
1410	propylene glycol	1341.4	111.98794577989186
1411	Spermine	1355.0	44.384682042344295
1412	Glycerin	1362.2	61.93706483197279
1413	trientine	1367.8	74.44931161535344
1414	cysteamine	1383.0	37.8615900352851
1415	Ethanol	1399.6	14.724129855444769
