id	name	score
DB12698	ibalizumab	0.08394349916316472
DB04835	maraviroc	0.0565059770033033
DB11817	baricitinib	0.04741200749321819
DB08877	ruxolitinib	0.04700782655922535
DB08895	tofacitinib	0.047007826559225294
DB00452	Framycetin	0.04511041081410492
DB08908	dimethyl-fumarate	0.022239303602227183
DB06809	plerixafor	0.02148050638960291
chlormadinone-acetate		0.015086081451283857
DB00378	dydrogesterone	0.015086081451283855
DB00717	norethindrone	0.015086081451283855
DB12010	fostamatinib	0.014074073552742952
DB00603	medroxyprogesterone acetate	0.011764995660886585
DB00304	desogestrel	0.01176499566088658
DB00823	ethynodiol-diacetate	0.011764995660886575
DB00351	megestrol acetate	0.011592138485985464
megestrol-acetate		0.011592138485985464
DB00764	mometasone	0.011592138485985453
DB09123	dienogest	0.01124057915524878
arsenic-trioxide		0.010780341857086912
DB00957	norgestimate	0.010250891456718519
DB01169	Arsenic trioxide	0.010183728004713436
DB00136	calcitriol	0.010132996893540393
DB08867	ulipristal	0.01013153751091972
DB00307	bexarotene	0.009882606959790385
DB00737	meclizine	0.00955453772328166
DB01620	pheniramine	0.009554537723281659
DB01431	allylestrenol	0.008990466386698917
DB01395	drospirenone	0.008790634651766561
DB06713	norelgestromin	0.008699471541095509
DB06151	acetylcysteine	0.008640491571905842
DB09389	norgestrel	0.008628617087273523
DB02709	resveratrol	0.008502284262534302
DB09371	noretynodrel	0.008320364897564759
DB06401	bazedoxifene	0.0083056084102732
estropipate		0.008305608410273198
DB00947	fulvestrant	0.008305608410273196
DB04938	ospemifene	0.008305608410273195
DB00834	mifepristone	0.008220506601211515
DB00588	fluticasone propionate	0.00803743651062911
DB00799	tazarotene	0.007916628121313572
DB01393	bezafibrate	0.007893618871040082
DB01406	danazol	0.007743190706177565
DB08604		0.007578837653366783
DB00852	Pseudoephedrine	0.0074904137352309556
DB00412	Rosiglitazone	0.007403675989616618
DB00366	doxylamine	0.007347421316180482
DB11619	gestrinone	0.007342364703816623
DB00188	bortezomib	0.007149274236631239
DB00367	levonorgestrel	0.007113184181899267
DB06616	bosutinib	0.006988935553156636
DB00481	raloxifene	0.006988258877133242
DB00459	acitretin	0.006710415213123036
DB00648	mitotane	0.006608719196597989
DB05521	telaprevir	0.0066044401323682314
DB06202	lasofoxifene	0.0065528496946542225
DB09064	ciprofibrate	0.006501299068164695
DB04519	octanoic acid	0.006501299068164694
DB08983	etofibrate	0.006501299068164694
DB00255	Diethylstilbestrol	0.006469767791487466
DB00977	ethinyl-estradiol	0.006455735491657896
DB00020	sargramostim	0.006435667205188365
DB00210	adapalene	0.006432420859035254
DB08930	doluregravir	0.006394199336535502
DB02546	vorinostat	0.006368812721674267
DB09091	Tixocortol	0.006342782359699498
DB01436	alfacalcidol	0.006291236820161679
DB01593	zinc	0.006257832024638315
DB06603	panobinostat	0.006239002717230078
DB05015	belinostat	0.006239002717230076
DB06710	Methyltestosterone	0.0062247518571623035
DB00523	Alitretinoin	0.006175195870250155
DB00746	deferoxamine-mesylate	0.006135571403545084
DB06782	dimercaprol	0.006135571403545083
DB09029	secukinumab	0.006052025819894252
DB04115		0.005996090136251997
DB09331	daratumumab	0.0059882502694060405
DB00755	tretinoin	0.005981338459993071
DB04575	quinestrol	0.005974422522535502
DB00286	Conjugated Estrogens	0.005974422522535502
DB01357	mestranol	0.005974422522535501
DB09070	tibolone	0.005974422522535499
DB12023	benralizumab	0.0059627674560092485
DB01296	glucosamine	0.005948729093520313
DB00499	flutamide	0.005932901397905752
cyclosporin-a		0.005897396787663894
DB00060	INTERFERON BETA-1A,RECOMBINANT	0.005896756565797806
DB00008	Peginterferon alfa-2a	0.005896756565797803
DB00105		0.005896756565797802
DB00069		0.0058967565657978005
DB00034	Interferon Alfa-2a	0.0058967565657978005
DB00022	Peginterferon alfa-2b	0.0058967565657978
DB00068	Interferon beta-1b	0.005896756565797799
DB06176	romidepsin	0.005842409321222675
DB01108	trilostane	0.005829220971836939
DB00836	loperamide	0.0057850133975276465
DB00945	aspirin	0.00573621204397815
DB00162	retinol	0.005720950746578707
DB00180	flunisolide	0.005690176478379227
prednisolone-sodium-phosphate		0.005690176478379227
prednisolone-acetate		0.005690176478379227
DB00240	ALCLOMETASONE	0.005690176478379226
hydrocortisone-butyrate		0.005690176478379226
methylprednisolone-aceponate		0.005690176478379226
DB00253	medrysone	0.005690176478379226
DB00443	betamethasone	0.005690176478379226
DB08906	fluticasone furoate	0.005690176478379226
clobetasone-butyrate		0.005690176478379226
DB00596	halobetasol	0.005690176478379226
DB00873	loteprednol	0.005690176478379226
DB00838	CLOCORTOLONE	0.005690176478379226
DB00591	Fluocinolone Acetonide	0.005690176478379226
cortisone		0.005690176478379226
DB00324	fluorometholone	0.005690176478379224
DB00959	methylprednisolone	0.005690176478379224
DB01222	budesonide	0.005690176478379224
DB00394	beclomethasone-dipropionate	0.005690176478379224
DB01380	cortisone-acetate	0.005690176478379224
DB00223	DIFLORASONE	0.005690176478379224
dexamethasone-sodium-phosphate		0.005690176478379224
DB01026	ketoconazole	0.005683121880489599
falecalcitriol		0.005663053002027928
DB01070	dihydrotachysterol	0.005663053002027928
DB06410	doxercalciferol	0.005663053002027927
DB06272	maxacalcitol	0.005663053002027927
DB00153	ergocalciferol	0.005663053002027925
DB00169	cholecalciferol	0.005663053002027925
DB13689	tacalcitol	0.005663053002027925
DB02300	calcipotriol	0.005663053002027925
DB00146	Calcidiol	0.005663053002027925
DB00910	paricalcitol	0.005663053002027923
DB00551	Acetohydroxamic Acid	0.005652568913309814
DB01185	fluoxymesterone	0.00561215458873593
DB00655	Estrone	0.005590870842483139
thiostrepton		0.00551582440745732
DB01196	estramustine	0.005506781955090807
DB00675	tamoxifen	0.00544063575483391
DB13954	estradiol cypionate	0.005386619836051508
DB01039	fenofibrate	0.0053677315767588175
DB00970	dactinomycin	0.0052511343659095416
DB06819	phenylbutyrate	0.005236059621574535
DB13873	fenofibric-acid	0.005229513493675617
DB01698	rutin	0.0051459460848609535
DB00530	erlotinib	0.005113620129735393
DB01254	dasatinib	0.005109284968423337
DB00783	estradiol	0.005105852480137891
DB00396	progesterone	0.005099523158040388
DB00624	testosterone	0.005051293919206784
DB13943	testosterone cypionate	0.005051293919206782
DB00071	insulin, neutral	0.005048602391716218
DB00710	ibandronate	0.005043481924373978
DB00884	risedronate	0.005043481924373978
neridronic-acid		0.0050434819243739765
DB00282	pamidronate	0.0050434819243739765
DB08899	enzalutamide	0.0050288159918617115
DB01420	Testosterone Propionate	0.005028815991861711
DB08804	Nandrolone decanoate	0.005028815991861711
testosterone-enanthate		0.005028815991861711
DB00858	Drostanolone	0.005028815991861711
DB00621	oxandrolone	0.005028815991861711
DB06718	stanozolol	0.00502881599186171
testosterone-undecanoate		0.00502881599186171
DB00665	nilutamide	0.005028815991861709
DB01128	bicalutamide	0.005028815991861708
DB00984	Nandrolone phenpropionate	0.005028815991861708
DB01220	rifaximin	0.004998167241825201
DB13179	troleandomycin	0.0049981672418252
fludrocortisone-acetate		0.004932397165968782
DB00687	Fludrocortisone	0.004932397165968779
DB01183	naloxone	0.004929410016595044
DB08995	diosmin	0.004928605670795762
DB00451	levothyroxine	0.0049186876956305615
DB01250	olsalazine	0.004905983315711465
DB09006	clinofibrate	0.004899577391404423
DB00768	olopatadine	0.0048990478029635205
DB00288	amcinonide	0.004825434677376072
DB00630	alendronate	0.004809937776097397
DB00627	niacin	0.00480138583733698
DB00445	epirubicin	0.004738367210817636
DB00636	clofibrate	0.004730252089690488
DB08911	trametinib	0.004675221212607526
DB06803	Niclosamide	0.004651190479400426
DB04272		0.004630772459344836
DB00279	liothyronine	0.004604655423968386
DB00163	Vitamin E	0.00454948529717794
DB00495	zidovudine	0.004547309973733088
DB09221	Polaprezinc	0.0045275273738984295
DB01260	desonide	0.0045203961676648936
DB01130	prednicarbate	0.0045203961676648936
DB01013	clobetasol-propionate	0.0045203961676648936
DB00547	desoximetasone	0.0045203961676648936
DB00663	flumethasone	0.004520396167664891
DB00070	hyaluronidase (ovine)	0.004502048290347804
DB03754	Tromethamine	0.004459472625662015
DB06273	Tocilizumab	0.004435460447464519
DB08896	regorafenib	0.004394845835264917
DB00227	lovastatin	0.00438533733071386
DB01132	pioglitazone	0.004382449807112293
DB00099	Filgrastim	0.004381399485987573
DB08912	dabrafenib	0.004371044363092252
DB00118	ademetionine	0.0043672558968298174
DB00570	vinblastine	0.0043516003940876295
DB01234	dexamethasone	0.004346289919275735
DB13165	ripasudil	0.004341145929774696
DB05294	vandetanib	0.004339363594475692
DB00157	NADH	0.004337608810637484
DB00132		0.004328263826850983
DB01076	atorvastatin	0.004258393806429382
DB08868	fingolimod	0.004251925612709245
DB00131	Adenosine monophosphate	0.004243629412493045
DB00446	chloramphenicol	0.0042265842073611936
DB01041	Thalidomide	0.004225751920288658
DB00882	clomifene	0.004223724739492552
DB00890	dienestrol	0.004223724739492551
DB00539	toremifene	0.00422372473949255
hydrocortisone-phosphate		0.004221666169093874
DB06786	halcinonide	0.004218304438773078
DB00143	Glutathione	0.004216533522701777
DB04216	quercetin	0.0042087767604512905
DB06626	axitinib	0.004205693530049828
bucladesine		0.004186794778181186
DB00851	dacarbazine	0.0041683776034017045
DB01404	GINSENG	0.004151155546891021
DB03017		0.004146169612154352
DB00041	aldesleukin	0.004142770057589692
DB00004	Denileukin diftitox	0.0041427700575896904
DB01275	hydralazine	0.004129914306421518
DB11824	tofogliflozin	0.004123568307354901
DB00741	hydrocortisone	0.00411367583334133
DB09074	olaparib	0.004107146416309145
DB00635	prednisone	0.004092913340570891
DB00126	Vitamin C	0.004092332127266057
DB00480	lenalidomide	0.004086881778548772
DB09301	CHONDROITIN SODIUM	0.004072617021706537
DB01030	topotecan	0.00406907523941226
DB00762	irinotecan	0.004069075239412258
DB00328	indomethacin	0.004065755629279241
DB00158	folic-acid	0.004061156892494299
DB00509	Dextrothyroxine	0.004053320428239747
DB01592	Iron	0.004045325355136359
DB00317	gefitinib	0.004035126108556779
DB09559	Necitumumab	0.004035126108556777
DB01064	isoprenaline	0.0040327253927311445
DB00206	reserpine	0.0040310222870385
DB04865	homoharringtonine	0.0040303745131718685
DB03904	urea	0.004017806013714338
DB01278	Pramlintide	0.004016720370141789
DB09036	Siltuximab	0.004002875195272803
DB00052	Somatropin recombinant	0.003999763464237722
DB01708	Dehydroepiandrosterone	0.003988916716580101
DB00896	rimexolone	0.0039656505465664165
DB00620	triamcinolone	0.0039656505465664165
fluocinolone-acetonide		0.0039656505465664165
DB01410	ciclesonide	0.003965650546566416
DB00846	fludroxycortide	0.003965650546566415
DB00399	zoledronic-acid	0.003956060652978798
minodronic-acid		0.003956060652978797
DB00244	mesalazine	0.0039554098056306854
DB00605	sulindac	0.003954991038034885
DB06643	Denosumab	0.003953764375262307
DB09198	Lobeglitazone	0.003947518596419058
DB01097	leflunomide	0.0039376108262232845
DB00720	clodronic-acid	0.003920838859864204
DB11363	alectinib	0.003910493566904312
DB00173	Adenine	0.003898775505694476
DB08910	pomalidomide	0.0038769398639726294
DB06412	oxymetholone	0.0038744579289906123
DB00121	Biotin	0.0038713109604642196
DB00033		0.0038706235750834645
DB00857	terbinafine	0.003835236257591511
DB00065	Infliximab	0.0038340756824295726
DB08904	Certolizumab pegol	0.0038340756824295713
DB06674	golimumab	0.00383407568242957
DB00615	Rifabutin	0.003823960997980115
DB01394	colchicine	0.003819975864849333
DB00619	imatinib	0.0038188792239495146
DB00361	vinorelbine	0.0038036521141153437
DB01327	cefazolin	0.003797668933034471
DB00841	dobutamine	0.0037882690483023564
DB04942	tamibarotene	0.0037879409824692154
DB00421	spironolactone	0.003784394783077485
DB05239	cobimetinib	0.003781627509136185
DB01179	podophyllotoxin	0.0037752061034227193
DB08901	ponatinib	0.003773061905483242
DB12159	DUPILUMAB	0.0037623684771832732
DB09292	sacubitril	0.0037579642599149753
DB11696	racecadotril	0.003757964259914973
DB01411	pranlukast	0.0037575336112550465
DB00982	isotretinoin	0.0037544559100432468
DB08889	carfilzomib	0.00375327852064647
DB00997	doxorubicin	0.003751964161585294
DB00181	baclofen	0.003746517830864554
DB04967		0.0037330836237017364
DB01248	docetaxel	0.0037257929098596476
DB00752	tranylcypromine	0.0037231801763607827
DB00139	Succinic acid	0.0037171654565905025
DB12863	sivelestat	0.0037168483511004994
DB00682	warfarin	0.003714312696653632
DB01229	paclitaxel	0.0037103909250271786
DB06777	chenodeoxycholic-acid	0.0037089584039047487
DB09079	nintedanib	0.003705477718752411
DB03793	Benzoic Acid	0.0036997114433534907
DB08864	rilpivirine	0.003695735622100483
DB06317	Elotuzumab	0.0036956849108604984
DB00573	fenoprofen	0.0036575660097681807
DB00541	vincristine	0.0036480534478400164
DB06152	buphenine	0.0036475253894599664
DB01241	gemfibrozil	0.0036442292771572443
DB08818		0.003642012707372445
DB01136	carvedilol	0.003632399388194477
DB04845	ixabepilone	0.003626507849032212
DB02901	dihydrotestosterone	0.0036224673662697392
DB00031	Tenecteplase	0.003614947831943273
DB04951	pirfenidone	0.003613996436981738
DB09053	ibrutinib	0.003613510837901474
DB00174	L-Asparagine	0.0036081624703297862
DB00491	miglitol	0.003606972803164883
DB09401	isosorbide	0.0036029296108474437
DB00114	Pyridoxal Phosphate	0.0035969458243981694
DB00290	bleomycin	0.0035872900870028246
DB00877	sirolimus	0.0035856229196750454
DB01029	irbesartan	0.00357760879746506
DB01206	lomustine	0.0035767962862580677
DB06774	capsaicin	0.0035741081044218977
DB00995	auranofin	0.003571368542674434
DB00151	L-Cysteine	0.0035694342483720597
DB00159	icosapent	0.0035571109115350493
DB01164	Calcium Chloride	0.003547985881816814
DB01065	melatonin	0.0035436730972462638
DB04878	voglibose	0.003540605208841996
DB00643	mebendazole	0.0035256813112522485
DB00686	Pentosan Polysulfate	0.003523779048333247
DB00860	prednisolone	0.003505847392290092
thiram		0.0035049508556261205
DB00338	omeprazole	0.003501697762571726
DB01017	minocycline	0.0034995125602030434
DB00398	sorafenib	0.0034930645983896453
DB00242	cladribine	0.003492749797029325
DB06589	pazopanib	0.0034855087688750105
DB01118	amiodarone	0.0034812937480633603
DB01223	Aminophylline	0.003479503158606981
DB05260		0.00346675460255764
DB01356	Lithium	0.0034643445322804236
DB00795	sulfasalazine	0.0034625673061830075
DB06203	alogliptin	0.003456743006527874
DB06335	saxagliptin	0.003456743006527873
DB04876	vildagliptin	0.003456743006527873
trelagliptin		0.003456743006527873
DB11950	teneligliptin	0.003456743006527873
DB12417	anagliptin	0.003456743006527872
DB01261	sitagliptin	0.003456743006527872
DB08882	linagliptin	0.0034567430065278715
DB08875	cabozantinib	0.003455034648393224
DB00082	Pegvisomant	0.00345259699300636
DB01025	amlexanox	0.003452502841711349
DB00331	metformin	0.003445067915502798
DB01138	sulfinpyrazone	0.003445005044939435
DB00161	L-Valine	0.0034416500103866387
DB06372	Rilonacept	0.0034388893908826796
DB01050	ibuprofen	0.0034388130892186947
DB09517	sodium ferric gluconate complex	0.0034335956674788897
DB00142	L-Glutamic Acid	0.0034245126044616667
gentamycin		0.0034201509063344635
DB00608	chloroquine	0.00342008096088635
DB00119	Pyruvic acid	0.0034058864190650933
DB00277	Theophylline	0.003400440623497638
DB09462	Glycerin	0.003400052769113087
DB09078	lenvatinib	0.0033994398276666416
DB02701	nicotinamide	0.003397431503647556
DB01268	sunitinib	0.0033958681957353604
DB11994	diacerein	0.003393470510782721
DB01063	acetophenazine	0.0033927349223357626
DB00152	thiamine	0.0033920619162772355
DB08888	ocriplasmin	0.0033885752472217357
DB00337	pimecrolimus	0.003378886133589138
DB00966	telmisartan	0.003377705819822211
DB00893	IRON DEXTRAN	0.003370792869122035
DB08885	AFLIBERCEPT	0.0033691257447336508
DB01270	Ranibizumab	0.0033636553774286006
DB01109	Heparin	0.0033620417487801456
DB00150	tryptophan	0.003361673736641862
DB00091	cyclosporine	0.003340473360536171
DB01407	clenbuterol	0.003337650673546258
DB00128	L-Aspartic Acid	0.003337494566900594
DB01110	miconazole	0.00333417098928475
DB00313	Valproic Acid	0.0033335588224323123
DB05990	obeticholic acid	0.003326943682546135
DB11059	CARMELLOSE	0.003321313782357307
DB00141	N-Acetyl-D-glucosamine	0.0033208327136699926
SN-38		0.0033202903538371905
DB05630	Sodium stibogluconate	0.0033202903538371888
DB05676	apremilast	0.003313597652732867
DB11748	benfotiamine	0.003310022412568961
DB00030	insulin human	0.0033064198504964026
DB00773	etoposide	0.003303387531749891
DB00694	daunorubicin	0.003303387531749891
DB00444	teniposide	0.00330338753174989
DB00380	dexrazoxane	0.0033033875317498894
DB00594	amiloride	0.0033023880560890525
DB00145	Glycine	0.003273901591805868
DB00364	sucralfate	0.0032720141263430595
DB11595	Atezolizumab	0.0032577927648618373
DB00903	etacrynic-acid	0.0032574163347581326
DB01579	Phendimetrazine	0.0032449581671856816
DB00356	chlorzoxazone	0.003242643179612521
DB00075	Muromonab-CD3	0.0032375620734440605
hyaluronic-acid		0.0032339510431255154
DB00428	streptozotocin	0.0032212227706115595
DB09030	vorapaxar	0.003211467654153369
DB01277	Mecasermin	0.0032058746377374037
DB01586	ursodiol	0.0031983325060118595
DB00749	etodolac	0.0031961233797868074
DB06764	tetrahydrozoline	0.0031960352371358655
DB01427	amrinone	0.003195145839812004
DB09054	idelalisib	0.0031946830917897666
DB12483	copanlisib	0.0031946830917897657
DB00133	L-Serine	0.003192657070158024
DB00047	Insulin Glargine	0.00318113235527455
DB00046	Insulin Lispro	0.003181132355274549
DB04868	nilotinib	0.003180056505106918
DB00039	palifermin	0.0031796268090650863
DB00928	azacitidine	0.0031775767087491905
DB01262	decitabine	0.0031775767087491896
DB00831	trifluoperazine	0.003177304234071978
DB00668	epinephrine	0.0031738184849127923
DB00642	pemetrexed	0.0031698482660857496
DB00129	L-Ornithine	0.003168096598069467
DB13999	MOROCTOCOG ALFA	0.0031610213083859786
DB00025		0.003161021308385978
DB03619	deoxycholic-acid	0.00315821067094861
DB08881	vemurafenib	0.003154126114608357
DB00042	botulinum toxin type B	0.0031537708813214687
DB00905	bimatoprost	0.0031400051676655225
DB08814	triflusal	0.0031348883415102152
DB00233	aminosalicylate	0.0031346157200342647
DB06155	Rimonabant	0.0031298586915616657
DB02659	cholic-acid	0.0031249190860125706
DB00925	phenoxybenzamine	0.0031209311604811496
DB01047	fluocinonide	0.0031116385689742942
DB00120	L-Phenylalanine	0.003109115642479114
DB00201	caffeine	0.003101453647757333
DB01452	Heroin	0.003094459282273231
DB00647	Dextropropoxyphene	0.0030944592822732303
DB11157		0.003092386126156918
DB01365	mephentermine	0.0030907623493798136
DB01099	flucytosine	0.003090597188581275
DB01202	levetiracetam	0.003087568205642468
DB05578	Ramucirumab	0.0030863796482067485
DB00723	methoxamine	0.0030792166915784985
DB00706	tamsulosin	0.0030792166915784977
DB00388	phenylephrine	0.0030792166915784972
DB00211	midodrine	0.0030792166915784964
DB00298	dapiprazole	0.0030792166915784964
DB00987	cytarabine	0.0030780995420581474
DB06694	xylometazoline	0.0030717948748844783
DB00575	clonidine	0.0030717948748844775
DB09205	Moxisylyte	0.0030717948748844766
DB00692	phentolamine	0.003071794874884476
DB00759	tetracycline	0.003071308437176536
DB00514	dextromethorphan	0.0030603401769429034
DB00374	Treprostinil	0.0030542820427233402
DB00631	clofarabine	0.0030500967750109937
DB04465	Lactose	0.0030500835215519907
DB00787	acyclovir	0.003042885702691439
DB00497	Oxycodone	0.0030383083447468435
DB01080	vigabatrin	0.0030368501117317183
DB01590	everolimus	0.0030341137515003044
DB06287	temsirolimus	0.0030341137515003044
DB00379	mexiletine	0.003032704768622518
DB00515	cisplatin	0.0030274279365938837
fludarabine-phosphate		0.0030241650059526035
DB06211	doripenem	0.003024140384062068
DB01597	Cilastatin	0.003024140384062068
DB00598	labetalol	0.0030179165153991112
DB06243	eflornithine	0.003017218711253534
DB01045	rifampin	0.0030107453116473087
DB00688	mycophenolate-mofetil	0.0030067489341536707
DB00352	thioguanine	0.0030067489341536707
DB01024	mycophenolic-acid	0.0030067489341536703
DB00276	amsacrine	0.0030043480144237487
DB01303		0.0030032634207776375
DB00457	prazosin	0.0029992318247722754
DB00013	Urokinase	0.002999119919217626
DB01143	amifostine	0.002998707776570114
DB00055		0.002996395827532736
DB00321	amitriptyline	0.002996091314064703
DB09220	nicorandil	0.0029935218265611293
DB09069	trimetazidine	0.002990923102788911
DB11273	DIHYDROERGOCORNINE	0.002989637696141635
DB00724	imiquimod	0.0029755316837393833
DB06637	dalfampridine	0.002973559055904028
DB00230	pregabalin	0.0029686313547864747
DB08872	gabapentin-enacarbil	0.0029686313547864743
DB00996	gabapentin	0.0029647861017068054
DB00590	doxazosin	0.002961490932540641
DB01162	terazosin	0.002961490932540639
DB00640	adenosine	0.0029596859204574486
DB01174	Phenobarbital	0.00295862981300162
DB06262	droxidopa	0.0029585113575261485
DB04576	fleroxacin	0.0029575315707710357
DB01177	idarubicin	0.0029575315707710357
DB00685	trovafloxacin	0.002957531570771035
DB01165	ofloxacin	0.002957531570771035
DB01204	mitoxantrone	0.002957531570771035
DB01208	sparfloxacin	0.002957531570771035
DB00978	lomefloxacin	0.0029575315707710344
DB00218	moxifloxacin	0.0029575315707710344
DB00385	valrubicin	0.0029575315707710344
DB06193	pixantrone	0.0029575315707710344
DB00467	Enoxacin	0.002957531570771034
DB01137	levofloxacin	0.002957531570771034
DB01059	norfloxacin	0.0029575315707710335
DB09047	finafloxacin	0.002957531570771033
DB00623	fluphenazine	0.0029523788653699422
DB00441	gemcitabine	0.0029504360115825195
DB13036	ramatroban	0.002948594484706367
DB00848	Levamisole	0.002945334479645711
DB00657	mecamylamine	0.002944656004530423
DB00102	Becaplermin	0.002936918883865343
DB00908	quinidine	0.0029324016511348503
DB00811	ribavirin	0.0029286281775077563
ethanolamine-oleate		0.0029278582898803556
DB00898	Ethanol	0.0029275812130805643
DB00368	norepinephrine	0.0029273262813713954
DB00813	Fentanyl	0.002925467017303364
DB00254	doxycycline	0.002924918623037264
DB00964	apraclonidine	0.002921937506900083
DB00540	nortriptyline	0.0029215180966259383
DB00887	bumetanide	0.0029195280831470095
DB01049	Ergoloid mesylate	0.0029140475121788912
DB13345	DIHYDROERGOCRISTINE	0.0029140475121788903
DB00148		0.0029111995959095398
DB01253	ergonovine	0.0029101814028290344
DB00393	nimodipine	0.0029078462821288857
DB00864	tacrolimus	0.0029071312833941036
zotarolimus		0.0029071312833941023
DB00935	oxymetazoline	0.0029032537125122364
DB01252	mitiglinide	0.0029029418582468625
DB06168	Canakinumab	0.00290257966318068
DB00797	tolazoline	0.0028992942738170937
DB04846	celiprolol	0.002899088893140224
DB00026	Anakinra	0.0028974337822554827
DB00800	fenoldopam	0.002894121787711087
DB01033	mercaptopurine	0.0028890413751451694
DB01611	Hydroxychloroquine	0.002887044870474686
DB00308	ibutilide	0.0028861607320166504
DB00697	tizanidine	0.0028845698427169674
DB00661	verapamil	0.002881852305675506
DB00167	L-Isoleucine	0.0028802096595280024
DB00696	ergotamine	0.0028793916201531066
DB00734	risperidone	0.0028790253056431413
DB06144	Sertindole	0.0028748612398123256
DB05016	ataluren	0.0028687498809694865
DB06707	levonordefrin	0.0028657862322564445
DB01622	thioproperazine	0.0028629836529408424
DB00363	clozapine	0.002862678692133345
DB00415	ampicillin	0.002860689049468449
DB01073	fludarabine	0.002854927971357641
DB00716	nedocromil	0.0028532146227916097
DB01199	tubocurarine	0.0028515924983090403
DB08873	boceprevir	0.002851372005646501
DB09289	tianeptine	0.002851306549123433
DB02772	SUCROSE	0.0028455113046937206
DB06148	mianserin	0.002844465587417106
DB00704	naltrexone	0.002843863770776723
DB09229	Aranidipine	0.002843799098566236
DB06711	naphazoline	0.002843411857826283
DB00921	Buprenorphine	0.0028418032541908523
DB00866	alprenolol	0.0028387075370461486
DB01142	doxepin	0.0028386250936151517
DB09167	dosulepin	0.0028376636660886875
DB00454	Pethidine	0.0028373734096999136
DB01219	dantrolene	0.0028358259921736607
DB00117	L-Histidine	0.0028336956481084066
DB06216	asenapine	0.0028326542800565777
DB01200	bromocriptine	0.0028282658950953585
DB00417	penicillin-v-potassium	0.00282782210773666
DB01133	tiludronate	0.002827788058445491
DB00024		0.002823892477162202
DB00130	glutamine-(l)	0.002823745560471583
DB01295	bevantolol	0.00282334208986613
DB09304	setiptiline	0.002821867319300246
DB05389	TETRACHLORODECAOXIDE	0.0028177049932253733
DB00528	lercanidipine	0.002815713283858302
DB00083		0.002815623406362722
DB01115	nifedipine	0.0028154048468244488
DB01151	desipramine	0.0028145407606498707
DB00980	ramelteon	0.0028141221401529757
DB00477	chlorpromazine	0.0028131961836701525
phosphatidylcholine		0.0028128421472709904
DB00086	Streptokinase	0.0028125987090929167
DB01364	ephedrine	0.002811830806002692
DB11581	venetoclax	0.0028112966471030456
DB12243	edaravone	0.002811296647103044
DB06756	betaine	0.002811296647103044
DB01083	orlistat	0.002810675720142087
DB00531	cyclophosphamide	0.002808464575192329
DB08922	perospirone	0.0028072473319901833
DB00679	Thioridazine	0.0028026763422982393
DB09128	brexpiprazole	0.002802235594729063
DB09089	trimebutine	0.0028019977004532974
DB01267	paliperidone	0.002801883781637881
DB05266	ibudilast	0.0027978656810005373
DB00915	amantadine	0.0027968021783002614
DB04946	iloperidone	0.002796083266685178
DB00472	fluoxetine	0.00279494319533017
DB00844	nalbuphine	0.0027949014632836643
DB00611	Butorphanol	0.0027949014632836643
DB11130	Opium	0.0027949014632836643
DB06230	nalmefene	0.002794901463283664
DB06800	methylnaltrexone	0.002794901463283663
DB00318	Codeine	0.002794901463283663
DB00327	Hydromorphone	0.002794901463283663
butorphanol-(+)-tartrate		0.0027949014632836625
DB00854	Levorphanol	0.0027949014632836625
DB09272	eluxadoline	0.002794901463283662
DB01599	probucol	0.0027930918270222017
DB00284	acarbose	0.00279248098933078
DB01224	quetiapine	0.002791409471034169
DB00622	nicardipine	0.0027885547620120576
DB00669	sumatriptan	0.0027861617935630288
DB00248	cabergoline	0.002785865815374686
DB01186	Pergolide	0.0027855811441970238
DB00586	diclofenac	0.002784168800585747
DB11181	homatropine	0.0027829533622503425
DB12278	propiverine	0.0027826595523050505
DB00934	maprotiline	0.0027814050255027655
DB00699	nicergoline	0.0027766341151103644
DB00610	metaraminol	0.002776634115110363
DB00123	L-Lysine	0.002773341065543957
DB01238	aripiprazole	0.002769831604396448
DB01576	dextroamphetamine	0.002768718755315829
DB00973	ezetimibe	0.002767918610133519
DB00295	Morphine	0.0027670698079704055
DB01102	Arbutamine	0.002766695580300142
DB08808	bupranolol	0.00276669558030014
DB01580	oxprenolol	0.00276669558030014
DB00938	salmeterol	0.00276669558030014
DB00983	formoterol	0.00276669558030014
DB08893	mirabegron	0.002766695580300139
DB01001	albuterol	0.002766695580300139
DB00871	terbutaline	0.002766695580300139
DB01203	nadolol	0.002766695580300139
DB01288		0.002766695580300139
carazolol		0.002766695580300139
DB01210	levobunolol	0.002766695580300139
DB01149	Nefazodone	0.0027658549542030997
DB08807	bopindolol	0.0027599116845358432
DB00571	propranolol	0.002759911684535843
DB00370	mirtazapine	0.0027577370123075527
DB00960	pindolol	0.002756767698166458
DB00449	dipivefrine	0.002752100476945773
DB00246	ziprasidone	0.0027520814100774255
DB01307	Insulin Detemir	0.0027507594195567008
DB01309	Insulin Glulisine	0.0027507594195567
DB09564	Insulin Degludec	0.0027507594195567
DB01306	insulin aspart, biphasic isophane [injection]	0.0027507594195567
DB08894	PEGINESATIDE	0.002750519225608868
DB00012	Darbepoetin alfa	0.0027505192256088674
DB00016	Erythropoietin	0.0027505192256088665
DB09107	METHOXY POLYETHYLENE GLYCOL-EPOETIN BETA	0.002750519225608866
DB09213	Dexibuprofen	0.0027503182832161375
DB09286	pipamperone	0.0027500396783125547
DB00503	Ritonavir	0.0027497644324435584
DB01005	hydroxyurea	0.0027492053076340556
DB11767	sarilumab	0.0027485687610433185
DB00751	epinastine	0.002746161501868992
DB00408	loxapine	0.0027438406923066317
DB00015	Reteplase	0.0027435279015941786
DB00029	Anistreplase	0.0027435279015941786
DB00009	Alteplase	0.002743527901594178
DB00155	L-Citrulline	0.0027427259499190598
L-Citrulline		0.002742725949919058
DB13169	nandrolone	0.0027422789789639987
DB01403	levomepromazine	0.002742052567291708
DB00397	Phenylpropanolamine	0.0027413944469577155
DB00247	methysergide	0.0027401852198336778
DB06594	agomelatine	0.0027366831058968275
DB01069	promethazine	0.0027365989677357724
DB01181	ifosfamide	0.0027365046079242247
DB06153	pizotifen	0.002735780499238662
DB07477	felbinac	0.0027343112158557865
DB00182	Amphetamine	0.0027332216336837622
DB01243	chloroxine	0.0027316322022626926
DB04838	cyclandelate	0.002728609267046334
DB00674	galantamine	0.0027235412749002747
DB00420	promazine	0.0027211202968635937
DB00914	Phenformin	0.002719380572411254
DB00200	Hydroxocobalamin	0.0027164835095673757
DB08839	serotonin	0.0027144585003805646
DB00777	propiomazine	0.0027133996162861584
DB08835	Spaglumic acid	0.0027132130547585266
DB00170	menadione	0.0027084606238456047
DB00726	trimipramine	0.0027043738040114524
DB00714	Apomorphine	0.002702681012494098
DB03255	Phenol	0.0026995810890701843
DB00656	trazodone	0.002699576190174724
DB06706	isometheptene-mucate	0.002698536488956909
DB00122	Choline	0.002696937982054437
DB14006	choline salicylate	0.002696937982054434
spiperone		0.00269461179590076
DB00920	ketotifen	0.0026876589309565257
DB09065	Cobicistat	0.002685362495161895
DB03128	acetylcholine	0.002683429138599641
DB00652	Pentazocine	0.002682038327917613
DB00458	imipramine	0.002681708491566314
DB04842	fluspirilene	0.002681208331617115
DB01067	glipizide	0.0026798904764653835
DB00731	nateglinide	0.002679890476465383
DB00589	lisuride	0.0026777334380328342
fenigam		0.0026761533326093846
DB00912	repaglinide	0.002675608154703826
DB00484	brimonidine	0.00267373940467868
DB01018	guanfacine	0.002673739404678678
DB00865	Benzphetamine	0.0026732029284867475
DB00339	pyrazinamide	0.0026705582361695123
DB01034		0.002670558236169512
DB00482	celecoxib	0.0026690411001769384
DB01120	gliclazide	0.002669040581153224
DB09204	arotinolol	0.0026613479352514233
DB01078	deslanoside	0.00265750041511119
DB12478	piribedil	0.002656810061600916
DB00450	droperidol	0.0026551485602838683
DB00005	Etanercept	0.0026541689808885945
DB00822	disulfiram	0.0026541119487102378
DB00993	azathioprine	0.002653685995630674
DB00740	riluzole	0.0026524732730548754
DB09033	vedolizumab	0.0026508735707201293
DB00448	lansoprazole	0.0026491898556572496
DB00419	miglustat	0.002648964659418058
DB09039	eliglustat	0.002648964659418058
DB00653	Magnesium Sulfate	0.00264789434357303
DB00949	felbamate	0.0026443641365292638
DB09481	magnesium carbonate	0.0026443641365292633
5-hydroxytryptophan		0.0026402678158268353
DB04855	dronedarone	0.002639532974606796
DB04665	coumarin	0.0026383944399667077
DB00038	Oprelvekin	0.0026376081709877956
DB06692	Aprotinin	0.0026330107500078972
DB04896	milnacipran	0.00263300713210324
DB06204	tapentadol	0.0026321879879158995
DB01279	Galsulfase	0.00263116489379705
DB01271	Idursulfase	0.00263116489379705
DB00048	Collagenase clostridium histolyticum	0.002627459835432408
DB00334	olanzapine	0.0026269470693654024
DB00853	temozolomide	0.0026236400457508796
DB00423	methocarbamol	0.0026231209422105297
DB00216	eletriptan	0.0026222451202948483
DB00810	biperiden	0.0026209785849163223
DB00036	Coagulation factor VIIa Recombinant Human	0.0026200502148866814
DB00434	cyproheptadine	0.0026175080746703404
DB11629	laropiprant	0.002617004580340122
DB00537	ciprofloxacin	0.0026155225786538296
DB00315	zolmitriptan	0.0026154991911494633
DB00952	naratriptan	0.002615499191149463
DB00953	rizatriptan	0.0026154991911494624
DB00847	cysteamine	0.0026115229590741233
DB01014	balsalazide	0.002609248267627257
DB04552	niflumic-acid	0.0026088009139922036
DB08815	lurasidone	0.002606948778434913
DB00411	carbachol	0.0026045789980776255
DB11699	tropisetron	0.002601600050285568
DB00072	trastuzumab	0.002599855382135974
DB09225	zotepine	0.002599687279230556
DB11614	rupatadine	0.0025989034813044495
DB00381	amlodipine	0.002596019074359195
DB00761	potassium chloride	0.00259442823005309
DB00583	levocarnitine	0.0025897500353287877
DB00849	Methylphenobarbital	0.002583565587680869
DB00268	ropinirole	0.0025820593945018607
DB00413	pramipexole	0.0025820593945018603
DB00215	citalopram	0.0025811933703246107
DB01392	yohimbine	0.002580928706194078
DB06403	ambrisentan	0.0025804389725911244
DB06268	Sitaxentan	0.002580438972591124
DB08932	macitentan	0.002580438972591124
DB00559	bosentan	0.0025804389725911235
ACT-132577		0.0025804389725911235
DB08883	perampanel	0.002579871323292929
DB01016	glyburide	0.0025796901631443183
DB00975	dipyridamole	0.0025791513595523467
DB00968	methyldopa	0.002577596100523948
DB01209	Dezocine	0.0025768877646841926
DB00626	bacitracin	0.002576798809801113
DB01359	penbutolol	0.002573993366222337
DB01032	probenecid	0.002573283359324188
DB01031	ethinamate	0.0025721961640370163
DB00193	tramadol	0.002572169524195999
DB01088	iloprost	0.002568473796236162
DB00289	atomoxetine	0.002566315657457049
DB00850	perphenazine	0.0025658856883535976
DB00311	ethoxzolamide	0.0025650719151468146
DB09068	vortioxetine	0.0025639511533397377
DB00572	atropine	0.0025625148864753546
DB00312	Pentobarbital	0.002561413684354354
DB01624	zuclopenthixol	0.0025614127704717713
DB00875	flupentixol	0.0025605932385684527
DB00562	benzthiazide	0.0025604865180485956
DB03085	glycolic acid	0.002558062765941185
DB00320	dihydroergotamine	0.0025576401106554157
DB00340	metixene	0.0025569924992324316
DB00725	Homatropine Methylbromide	0.0025569924992324316
DB06702	fesoterodine	0.0025569924992324316
DB01591	solifenacin-succinate	0.002556992499232431
DB01085	pilocarpine	0.0025569924992324307
DB09076	umeclidinium	0.0025569924992324307
DB01036	tolterodine	0.0025569924992324307
DB08897	aclidinium	0.0025569924992324307
aceclidine		0.0025569924992324307
DB00332	ipratropium	0.0025569924992324307
DB00376	trihexyphenidyl	0.0025569924992324307
DB01409	tiotropium	0.0025569924992324307
DB00670	pirenzepine	0.0025569924992324307
DB00496	darifenacin	0.0025569924992324307
DB00715	paroxetine	0.002551629687226572
DB00825	levomenthol	0.0025501485003461156
DB00824		0.002549811472794246
DB08871	Eribulin	0.002541903439605104
DB00384	triamterene	0.00254036180915402
DB00502	haloperidol	0.0025398176799260514
DB00543	amoxapine	0.0025328770281356776
DB00999	hydrochlorothiazide	0.0025317660336455785
DB01239	chlorprothixene	0.002529747149582951
DB00127	Spermine	0.002524108977867216
DB00501	cimetidine	0.0025225411276308513
DB01077	etidronic-acid	0.002522459218810948
DB00770	alprostadil	0.0025208610638854994
DB00266	dicoumarol	0.002518861389620206
DB00976	telithromycin	0.0025153067424975887
DB00028		0.0025147491983133793
DB00637	Astemizole	0.0025145331645476743
DB11235	thonzylamine	0.002507484015614655
DB00835	brompheniramine	0.0025074840156146527
DB00606	cyclothiazide	0.0025071475445288694
DB00125	L-Arginine	0.00250393223212866
L-Arginine		0.0025039322321286587
DB00806	pentoxifylline	0.0025028999553413185
DB09034	suvorexant	0.002499017101549078
DB01366	procaterol	0.002497366407767331
DB01274	Arformoterol	0.0024973664077673307
DB12248	tulobuterol	0.0024973664077673307
DB09080	olodaterol	0.0024973664077673307
DB00867	ritodrine	0.0024973664077673303
DB09082	vilanterol	0.0024973664077673303
DB00816	metaproterenol	0.0024973664077673303
DB08957	hexoprenaline	0.00249736640776733
DB08941	isoxsuprine	0.00249736640776733
DB00819	acetazolamide	0.0024970118380496964
DB04866	halofuginone	0.0024962136004017567
DB00988	dopamine	0.002495544723352004
DB12598	NAFAMOSTAT	0.0024885388877499757
DB00747	scopolamine	0.002484830311532494
DB05271	rotigotine	0.0024838511018582996
DB00476	duloxetine	0.0024826080689848242
DB00774	hydroflumethiazide	0.0024801847799557604
DB00585	nizatidine	0.0024798483934584427
DB00927	famotidine	0.0024798483934584414
DB08806	roxatidine-acetate	0.0024798483934584414
DB09000	cyamemazine	0.002478929742263604
DB09568	Omega-3-carboxylic acids	0.0024781868172544636
DB08810	Cinitapride	0.002477185045507225
DB00043	omalizumab	0.002476974269662396
DB09014	Captodiame	0.0024763052447892165
DB00343	diltiazem	0.0024726958771582688
DB00629	Guanabenz	0.0024697818066514304
DB00342	Terfenadine	0.00246750363107152
DB09140	Oxygen	0.002465708485274886
DB00400	griseofulvin	0.0024627463279173097
DB00235	milrinone	0.002462406050852308
DB00087	Alemtuzumab	0.002457591746763604
DB00418	Secobarbital	0.002456320653137778
DB00909	zonisamide	0.002455706737242959
DB02530	GAMMA-AMINOBUTYRIC ACID	0.0024519266828116246
DB06720	velaglucerase alfa	0.002447095405023759
DB12153	citicoline	0.0024467444657435182
DB01035	procainamide	0.0024452659679023415
DB00002	Cetuximab	0.0024450431093065114
DB00956	Hydrocodone	0.0024416635186643963
DB01081	Diphenoxylate	0.0024416635186643963
DB01192	Oxymorphone	0.0024416635186643963
DB00798	Gentamicins	0.00244092775248416
DB01412	Theobromine	0.002437280120569506
DB01175	escitalopram	0.0024372644533537813
DB06016	cariprazine	0.002437062099313365
DB01023	felodipine	0.002436849098681294
DB00221	isoetharine	0.0024360379028612986
DB09351	levobetaxolol	0.0024360379028612986
DB04861	nebivolol	0.0024360379028612986
DB00373	timolol	0.0024360379028612986
DB00335	atenolol-(+/-)	0.0024360379028612986
DB01291	Pirbuterol	0.0024360379028612986
DB00521	carteolol	0.0024360379028612977
DB01214	Metipranolol	0.0024360379028612973
DB00264	metoprolol	0.0024360379028612973
DB00195	betaxolol	0.002436037902861297
DB05039	indacaterol	0.002436037902861297
clorprenaline		0.002436037902861297
DB00612	bisoprolol	0.0024360379028612964
DB01193	acebutolol	0.0024360379028612964
DB09283	trapidil	0.0024350142096890045
DB01003	cromoglicic-acid	0.0024317654908450554
DB01255	Lisdexamfetamine	0.0024277227200823707
DB00745	modafinil	0.002427722720082369
DB00112	Bevacizumab	0.0024241655837424726
DB01577	Methamphetamine	0.0024232718384355127
DB01043	memantine	0.002422981138372944
DB00281	lidocaine	0.0024199265993863155
DB00695	furosemide	0.002416200425614662
DB01212	ceftriaxone	0.002414266090595797
DB09121	aurothioglucose	0.002412769295789508
DB04941	CROFELEMER	0.0024124462983559024
DB00493	cefotaxime	0.002410518242948146
DB00904	ondansetron	0.0024080877201562998
DB00051	Adalimumab	0.0024059167434984687
DB01242	clomipramine	0.0024053180498363022
DB01094	Hesperetin	0.002404410980580366
DB01009	ketoprofen	0.0024042890257203733
DB00108	Natalizumab	0.0024028764801490698
DB01100	pimozide	0.002399805344294649
DB01367	rasagiline	0.002399250764598883
DB08820	ivacaftor	0.0023977131060546
DB09280	lumacaftor	0.0023977131060546
DB11712	tezacaftor	0.0023977131060546
DB00561	doxapram	0.002396670330246377
DB00228	Enflurane	0.0023958745371549807
DB01176	cyclizine	0.002395369317357571
DB01082	streptomycin	0.0023924838232631017
DB00092	alefacept	0.0023921530513276263
DB00780	phenelzine	0.0023920925514810216
DB06684	vilazodone	0.0023920174363741306
DB01235	levodopa	0.0023873581229743326
DB00440	trimethoprim	0.0023869667339695465
DB06813	pralatrexate	0.0023869667339695456
DB00713	Oxacillin	0.0023858458082808226
DB00014	goserelin-acetate	0.002384880604703717
DB06719	Buserelin	0.0023848806047037166
DB01053	benzylpenicillin	0.002384191386388276
DB00350	minoxidil	0.002384016683808305
DB01048	abacavir	0.002382632592731579
DB00107	oxytocin	0.0023820860408479538
DB14061	hycanthone	0.002379825082664298
DB11635	tocofersolan	0.002379825082664298
DB08879	Belimumab	0.00237804552348327
DB01621	Pipotiazine	0.0023749231696710833
DB11560	lesinurad	0.002373197608427152
DB09273	doxofylline	0.002372774672679369
DB00564	carbamazepine	0.0023727147963469356
DB00568	cinnarizine	0.002371829434737366
DB01079		0.0023710519743356025
DB11753	rifamycin	0.0023703951866477168
DB00917	Dinoprostone	0.0023692384523526706
DB01244	bepridil	0.002364187146792361
DB00175	pravastatin	0.0023633718786655778
DB01068	clonazepam	0.0023627783628324267
DB09046	metreleptin	0.0023626779046754614
DB01956	taurine	0.0023589066661810418
DB08811	tofisopam	0.002356815685305568
DB00863	ranitidine	0.002348751062506383
DB01197	captopril	0.002348204432120227
DB00659	acamprosate	0.002341706850926673
DB00489	sotalol	0.002336435310688846
DB01104	sertraline	0.002336338873055513
DB00940	methantheline	0.002335405185479113
DB09244	pirlindole	0.002331443534809171
DB00391	SULPIRIDE	0.0023302557823952287
flopropione		0.0023298023744453343
DB01616	alverine	0.0023298023744453334
DB12833	tandospirone	0.0023298023744453334
DB01173	orphenadrine	0.002329721543380986
DB11757	istradefylline	0.002328963013460228
DB06213	regadenoson	0.0023289630134602263
DB06709	methacholine	0.0023261745365191003
DB00754	ethotoin	0.00232332299778781
DB08870	brentuximab vedotin	0.0023206888926919243
DB08992	eperisone	0.0023196723130932675
DB01015	sulfamethoxazole	0.00231962777535832
DB01231	diphenidol	0.0023180555479884904
DB00782	propantheline	0.0023180555479884895
DB01019	bethanechol	0.0023180555479884895
vinburnine		0.002318055547988489
DB00424	hyoscyamine	0.002318055547988489
trepibutone		0.002318055547988489
DB00387	procyclidine	0.002318055547988489
DB00809	tropicamide	0.002318055547988489
DB00599	thiopental	0.002317893962270441
DB12831	gabexate	0.002314125012588738
DB05679	Ustekinumab	0.002313991792912777
DB00555	lamotrigine	0.0023133416146736345
DB00508	triflupromazine	0.0023129305064764484
DB11582	thiocolchicoside	0.0023123419155983305
haloperidol-decanoate		0.0023122255484785657
DB04106	fotemustine	0.002308263923656866
DB01618	molindone	0.0023081539714787155
DB00056	Gemtuzumab ozogamicin	0.0023026499836563408
DB00433	prochlorperazine	0.002300866575370348
DB00054	Abciximab	0.002299392893713557
DB00348	nitisinone	0.0022947772909549078
DB06288	amisulpride	0.0022947095037980907
DB04871	lorcaserin	0.002294442459450958
DB12163	sarpogrelate	0.002294442459450957
DB00998	frovatriptan	0.0022933064120157563
DB01325	quinethazone	0.002286948242987139
DB01140	cefadroxil	0.002286281968244319
DB00641	simvastatin	0.002283549301260364
DB01280	nelarabine	0.0022832311396198636
DB00401	nisoldipine	0.002281167890962509
DB04844	tetrabenazine	0.0022802375146077944
DB00574	Fenfluramine	0.0022792573799617186
DB01106	levocabastine	0.0022791642781381165
DB00273	topiramate	0.00227446328521814
DB00241	butalbital	0.0022735394812068675
DB00252	phenytoin	0.0022693032865319443
DB01021	trichlormethiazide	0.0022661607850516367
DB00738	pentamidine	0.0022660884718077425
DB09131	cupric chloride	0.002266043752923084
DB01090	pentolinium	0.0022658822118354024
DB00007	leuprolide	0.0022644697346078067
DB00644	gonadorelin	0.002264469734607806
DB06699	degarelix	0.002264469734607806
DB00666	Nafarelin	0.002264469734607806
DB00106	Abarelix	0.0022644697346078054
DB06785	ganirelix	0.002264469734607805
DB06788	Histrelin	0.002264469734607805
DB06825	triptorelin	0.0022644697346078046
DB01408	bambuterol	0.002264367565092418
DB00435	Nitric Oxide	0.002263996116666648
DB00280	disopyramide	0.0022622375633504655
DB00880	chlorothiazide	0.002261618299358002
DB00805	minaprine	0.002261138123186533
DB00392	profenamine	0.0022608139329875388
DB00651	dyphylline	0.0022604034071828654
DB00115	cyanocobalamin	0.0022587825122548427
ephedrine-(racemic)		0.002256219388839569
DB01119	diazoxide	0.0022560335447262027
DB01285	Corticotropin	0.0022551555712268037
DB00869	dorzolamide	0.0022539390438023593
DB00703	methazolamide	0.002253939043802358
DB01092	ouabain	0.002253437450364809
DB00504	levallorphan	0.0022487919630854694
DB01211	clarithromycin	0.002245797345405765
sodium-oxybate		0.0022447924371769364
DB04931	MSH, 4-Nle-7-Phe-alpha-	0.0022443558216766876
DB00204		0.0022421099439312044
nemonapride		0.002240716334465198
DB01095	fluvastatin	0.0022397344537281936
DB08860	pitavastatin	0.0022397344537281936
DB00439		0.0022397344537281936
DB01098	rosuvastatin	0.0022397344537281936
DB00463	metharbital	0.00223925001672333
DB00790	perindopril	0.0022339145699144746
DB01265	telbivudine	0.0022318267239706873
DB00081	Tositumomab	0.002230030646738246
DB01656	roflumilast	0.0022298822626104246
DB04895	Pegaptanib	0.002228990125270569
omeprazole-magnesium		0.002227311131944395
DB05351	dexlansoprazole	0.0022273111319443943
DB09223	blonanserin	0.002226568083713284
DB01483	barbital	0.002225345207041885
DB01194	brinzolamide	0.002222597036215607
DB00306	Talbutal	0.002220407233871715
DB00237	butabarbital	0.0022204072338717147
DB00270	isradipine	0.002216633486072175
DB00436	bendroflumethiazide	0.0022166056165424993
DB01113	papaverine	0.0022129875412393598
DB04743	nimesulide	0.002211494743073337
DB00110	palivizumab	0.002210124549997489
DB09241	Methylene Blue	0.002207929081035302
DB00403	Ceruletide	0.0022063104035180427
DB00604	Cisapride	0.0022060021140997855
DB00360	sapropterin	0.002205513078199883
DB01233	metoclopramide	0.0022045098214665874
DB09083	ivabradine	0.0022019117125951504
DB11995	avatrombopag	0.002200568076382252
DB00095	efalizumab	0.0021971867077981194
DB00097	Choriogonadotropin alfa	0.0021969434963016754
DB00032	Follicle Stimulating Hormone	0.0021969434963016745
DB08822	Azilsartan medoxomil	0.002195925229370313
DB00796	candesartan-cilextil	0.002195925229370313
DB01349	Tasosartan	0.0021959252293703127
DB00232	methyclothiazide	0.002195853118941838
DB00981	physostigmine	0.002192150588048808
DB00316	paracetamol	0.0021921293698179373
DB11274		0.0021916954720092472
DB09332	Kappadione	0.0021913001130471894
DB01353	Butethal	0.0021901371569604347
DB01351	Amobarbital	0.0021901371569604342
DB01352	APROBARBITAL	0.002190137156960434
DB11136	CHROMIUM	0.0021894364520223496
DB00471	montelukast	0.0021886809586212706
DB05829	PARATHYROID HORMONE	0.0021881508574721053
DB00673	aprepitant	0.0021880977061317845
DB09048	netupitant	0.002188097706131784
maropitant		0.002188097706131784
DB06717	fosaprepitant-dimeglumine	0.002188097706131784
DB00100	Coagulation Factor IX	0.0021869832123016086
DB13152		0.0021869832123016086
DB00073	Rituximab	0.002182059460950446
DB00078	Ibritumomab tiuxetan	0.0021820594609504446
DB01144	diclofenamide	0.0021742048304238377
DB00250	dapsone	0.0021740377588649108
DB00563	methotrexate	0.0021740377588649108
DB01157	Trimetrexate	0.0021740377588649108
DB04894	Vapreotide	0.0021689830439286864
DB04920	cleviprex	0.002168337023214063
DB00310	chlorthalidone	0.002165606213349982
DB04841	flunarizine	0.002164299986523596
DB00794	primidone	0.0021628796700656197
DB00309	vindesine	0.0021627501739796035
DB00494	entacapone	0.0021614636216287157
DB00323	Tolcapone	0.002161463621628715
DB11632	OPICAPONE	0.0021614636216287144
DB00545	mestinon	0.002160022571301115
DB09146	Sucroferric Oxyhydroxide	0.00215913714425117
DB00372	thiethylperazine	0.002157069335632301
DB01623	thiothixene	0.002153598718729397
fluphenazine-decanoate		0.002151939614662536
DB01182	propafenone	0.0021466582185050353
DB00775	tirofiban	0.002145741953220043
DB00063	eptifibatide	0.002145741953220043
DB01060	amoxicillin	0.0021453363473514517
DB00208	ticlopidine	0.0021441676826994636
DB00758	clopidogrel	0.0021441676826994636
DB06209	prasugrel	0.0021441676826994636
DB08816	ticagrelor	0.0021441676826994636
DB06441	CANGRELOR	0.002144167682699463
DB11742	ebastine	0.0021438338067103734
DB01240	epoprostenol	0.0021436326807336824
DB01201	rifapentine	0.0021435899312641543
DB00994	Neomycin	0.0021419011534872003
DB12865	velcalcetide	0.0021419011534872
DB01012	cinacalcet	0.0021419011534871994
strontium-ranelate		0.0021419011534871985
DB00437	allopurinol	0.0021395387775069714
DB04854	febuxostat	0.0021395387775069714
DB01685	topiroxostat	0.0021395387775069714
DB11656	rebamipide	0.002137247531773638
DB00951	Isoniazid	0.0021332685076271415
DB00929	misoprostol	0.002132103534987985
DB09109	TUROCTOCOG ALFA	0.0021309985510393143
DB00017	Salmon Calcitonin	0.0021278989687779316
DB01333	cefradine	0.002123435703794718
DB01609	deferasirox	0.0021234357037947173
DB01232	Saquinavir	0.0021234357037947173
DB01263	posaconazole	0.0021234357037947173
DB01148	flavoxate	0.002121028560593939
caramiphen		0.0021210285605939385
DB00040	Glucagon recombinant	0.0021194729544264175
DB09230	azelnidipine	0.002118867643500193
DB09090	pinaverium	0.0021180914477579456
DB00677	isoflurophate	0.0021159530631851306
DB00544	5-fluorouracil	0.002115293951723176
DB01156	bupropion	0.00211459853676592
DB00986	Glycopyrronium	0.0021135227952953856
DB00505	tridihexethyl	0.002113522795295385
DB09262	imidafenacin	0.0021135227952953847
DB00462	Methylscopolamine bromide	0.0021135227952953847
DB00517	Anisotropine Methylbromide	0.0021135227952953847
DB00804	dicycloverine	0.0021135227952953843
DB00383	oxyphencyclimine	0.0021135227952953843
DB01062	oxybutynin	0.0021135227952953843
DB01075	diphenhydramine	0.0021110013608811036
DB08801	dimetindene	0.0021110013608811027
DB00165	pyridoxine	0.002110835532820763
DB00207	azithromycin	0.0021070370829023113
DB00843	donepezil	0.002104748990547964
DB09118	stiripentol	0.0021014161381605217
DB01744	Camphor	0.0020974135842889144
DB01184	domperidone	0.0020943772209539233
DB09270	coenzyme Q10	0.0020922751292280243
DB12319	benzbromarone	0.002091278073222294
DB01429	aprindine	0.0020912553188315083
DB01440	Gamma Hydroxybutyric Acid	0.0020867037136613575
DB00579	mazindol	0.002081986970751242
DB01625	isopropamide-iodide	0.0020802677887636644
DB00829	diazepam	0.002077721034696877
DB05099	Ancrod	0.002075190948037816
DB00067	vasopressin	0.0020726765288506246
desmopressin-acetate		0.002072676528850624
DB09059	atosiban	0.0020726765288506233
DB09016	Butriptyline	0.002070033851514642
DB00138	L-Cystine	0.002063673611228495
DB12095	telotristat ethyl	0.002060210935463574
DB11571		0.002059930811968272
DB11572	THROMBIN ALFA	0.002059930811968271
DB05541	brivaracetam	0.0020555145295844796
DB11085	resorcinol	0.002054000141010045
DB01166	cilostazol	0.0020520109671796393
DB09166	etizolam	0.0020506644121304133
DB09302	Alirocumab	0.002050255984520404
DB00527	cinchocaine	0.0020472066375246544
penfluridol		0.0020439680041666655
DB01589	quazepam	0.002043647151254546
DB01558	Bromazepam	0.0020436471512545453
DB00842	oxazepam	0.0020436471512545453
DB00690	Flurazepam	0.0020436471512545445
DB01588	Prazepam	0.0020436471512545445
DB00231	Temazepam	0.0020436471512545436
DB00897	Triazolam	0.0020436471512545427
DB00683	Midazolam	0.0020436471512545423
DB01215	Estazolam	0.0020436471512545414
DB00801	Halazepam	0.0020436471512545414
DB09099	somatostatin	0.0020430275212543554
DB00837		0.0020427703578257046
DB00916	metronidazole	0.002040614109799459
DB04572	thiotepa	0.002038755577416511
DB00292	etomidate	0.0020370450613025276
revaprazan		0.002036279899907983
DB01129	rabeprazole	0.0020362798999079825
DB00736	esomeprazole	0.0020362798999079825
DB00213	pantoprazole	0.0020362798999079817
DB01191	Dexfenfluramine	0.0020361941708651014
DB00654	latanoprost	0.00203554202464176
DB11660		0.00203554202464176
DB08819	Tafluprost	0.0020355420246417595
DB00287	travoprost	0.0020355420246417595
DB04953	retigabine	0.0020347194292626683
DB00344	protriptyline	0.0020327643768446825
DB08918	Levomilnacipran	0.0020327643768446825
DB01595	Nitrazepam	0.0020325703656679556
DB00962	zaleplon	0.002023439096119641
DB00234	reboxetine	0.002021217911114231
DB00226	guanadrel	0.002021217911114231
DB09185	viloxazine	0.002021217911114231
DB01170	guanethidine	0.0020212179111142306
DB04840	debrisoquin	0.0020212179111142306
DB11834	guselkumab	0.0020186347748865656
DB00939	meclofenamic-acid	0.0020154816721521646
DB00650	leucovorin	0.002014056652941668
DB09010	carmofur	0.002014056652941668
DB01101	capecitabine	0.002014056652941668
DB00322	floxuridine	0.002014056652941668
ftorafur		0.002014056652941668
DB12947	doxifluridine	0.0020140566529416675
DB00432	Trifluridine	0.002014056652941667
DB09097	quinagolide	0.0020137966686106673
DB00402	eszopiclone	0.0020133545308633075
DB00186	lorazepam	0.0020133545308633066
DB06824	trientine	0.002013130667792411
taltirelin		0.0020129784635770577
DB00147	pyridoxal	0.002010410519055257
DB00587		0.00200823494423881
DB00546	Adinazolam	0.0020073557148033955
DB06716	Fospropofol	0.00200643609418342
DB01114	chlorphenamine	0.0020060282637522396
DB00707	PORFIMER SODIUM	0.002003083059952674
DB01281	Abatacept	0.001994842929792116
DB01089	deserpidine	0.0019939856984555063
DB00933	mesoridazine	0.0019911430487397374
DB01022	phytonadione	0.001988523876160984
DB00818	propofol	0.0019874962717909158
DB00293	raltitrexed	0.0019866523734290162
mozavaptan		0.0019844423249033936
DB00035	Desmopressin	0.0019844423249033927
DB02638	terlipressin	0.0019844423249033923
DB09228	CONESTAT ALFA	0.0019816525840588997
DB01107	methyprylon	0.0019812199293215748
DB01437	Glutethimide	0.001981219929321573
DB00628	Clorazepate	0.001981219929321572
DB00404	Alprazolam	0.0019812199293215717
DB00371	meprobamate	0.0019812199293215713
DB00189	Ethchlorvynol	0.0019812199293215713
DB00475	Chlordiazepoxide	0.001981219929321571
DB00349	clobazam	0.0019812199293215696
DB00553	methoxsalen	0.00198020673645199
DB13919	candesartan	0.001978877539023025
DB00177	valsartan	0.001978877539023025
DB00275	olmesartan	0.001978877539023024
DB00876	eprosartan	0.001978877539023024
DB09279	fimasartan	0.001978877539023024
DB00678	losartan	0.0019788775390230237
DB00918	almotriptan	0.0019770297784588203
DB09085	tetracaine	0.001975310745217128
DB00765	metirosine	0.001971534581456743
DB00936	Salicylic acid	0.001970481307154036
DB01188	ciclopirox	0.001969896194401914
DB00390	digoxin	0.001969896194401914
DB01396	Digitoxin	0.001969896194401914
DB00511		0.001969896194401914
DB01430	almitrine	0.001969896194401914
DB13996	MAGNESIUM ACETATE	0.0019698961944019135
DB01158	bretylium	0.0019698961944019135
DB01378	MAGNESIUM	0.0019698961944019135
DB06697		0.0019698961944019135
DB08869	tesamorelin	0.0019672892918906715
DB00010	Sermorelin	0.001967289291890671
DB08985	etilefrine	0.001963735789848784
DB00513	6-Aminocaproic Acid	0.001960804205104034
DB00199	erythromycin	0.0019526733990534383
DB11675	mosapride	0.001947146055425138
DB06480	prucalopride	0.0019471460554251368
DB00179	masoprocol	0.0019455022191461023
DB06700	desvenlafaxine	0.0019444300654678506
DB00422	methylphenidate	0.0019444300654678504
DB01105	Sibutramine	0.0019444300654678504
DB00285	venlafaxine	0.0019444300654678495
DB06701	Dexmethylphenidate	0.0019444300654678495
clebopride		0.0019442385591289908
DB00784	mefenamic-acid	0.001937630073036116
DB00607	Nafcillin	0.0019336884039940034
DB06688	sipuleucel-T	0.001929604070893761
DB00548	Azelaic Acid	0.0019232801705432868
azelaic-acid		0.001923280170543286
DB09108	SIMOCTOCOG ALFA	0.0019224883323627803
DB00066		0.0019221253326505252
DB00094		0.0019221253326505252
DB09126		0.0019199600406730956
DB00044	Lutropin alfa	0.0019199600406730952
DB00672	chlorpropamide	0.0019098704140376643
DB00580		0.0019091655168581103
DB00924	cyclobenzaprine	0.001903823558422836
icatibant-acetate		0.0019013854339411515
DB06196	Icatibant	0.0019013854339411515
DB04932	Defibrotide	0.0018990723996365267
DB09026	aliskiren-hemifumarate	0.0018979573163248002
DB00212	Remikiren	0.0018979573163247995
DB05812	abiraterone	0.0018955001791766222
DB00944	demecarium	0.0018911865993473408
pralidoxime-chloride		0.0018911865993473406
DB00733	pralidoxime	0.0018911865993473404
DB00989	rivastigmine	0.0018911865993473402
DB01010	edrophonium	0.0018911865993473402
DB00382	tacrine	0.0018911865993473398
DB06714	propylhexedrine	0.0018888313198823553
DB00245	Benzatropine	0.001888291845488633
benztropine-mesylate		0.001888291845488632
DB00191	phentermine	0.0018877655521418995
DB06217	vernakalant	0.0018836036796735323
DB09119	eslicarbazepine-acetate	0.0018805385405544818
DB06290	simeprevir	0.0018795050510026256
DB06775	carglumic-acid	0.0018794560586252657
tebipenem		0.0018785588238723187
DB00347	trimethadione	0.0018760943444364013
DB00832	phensuximide	0.0018760943444364013
DB00617	paramethadione	0.0018760943444364009
DB05246	methsuximide	0.0018760943444364007
DB00593	ethosuximide	0.0018760943444364007
DB00839	tolazamide	0.0018748317449861127
DB00414	acetohexamide	0.0018748317449861114
DB00455	loratadine	0.0018702948002149516
picotamide		0.0018676247592415538
DB06739	seratrodast	0.001867624759241553
sodium-tetradecyl-sulfate		0.001867554269843144
DB00464	Sodium Tetradecyl Sulfate	0.0018675542698431428
DB13933	NONACOG BETA PEGOL	0.0018667654021964244
DB01046	lubiprostone	0.001865977862759509
DB00937	amfepramone	0.001864220168484748
DB00830	Phenmetrazine	0.0018642201684847478
DB00470		0.0018618103063677846
DB06689	Monoethanolamine oleate	0.0018602237782305614
DB00176	fluvoxamine	0.0018599285260780818
DB01074	perhexiline	0.0018588184118658638
DB06201	rufinamide	0.0018582764652794609
DB11081	Aluminium chloride	0.0018516597343135749
DB09288	propacetamol	0.001844898974836318
DB00812	Phenylbutazone	0.0018428061469406315
DB00700	eplerenone	0.0018404078738113896
desoxycorticosterone-pivalate		0.0018404078738113892
DB09015	potassium-canrenoate	0.0018404078738113888
telotristat-ethyl		0.001839875734672531
DB12364	betrixaban	0.0018336311624401896
DB11166	ANTITHROMBIN ALFA	0.0018334036804308997
ammonium-lactate		0.0018311400668234296
tannic-acid		0.001828811957738566
DB00922	levosimendan	0.0018268846643360703
DB12082	vesnarinone	0.0018244717944550877
DB00185	cevimeline	0.0018226832366477856
DB04843	mepenzolate	0.0018226832366477856
DB00771	clidinium	0.0018226832366477856
DB00093	Felypressin	0.0018212941061793463
DB00808	indapamide	0.0018199420770104826
DB00872	conivaptan	0.00181794779851751
DB06212	tolvaptan	0.001817947798517509
DB06264	tolperisone	0.001816928200939618
DB13500	otilonium	0.001811388128433679
DB01282	carbetocin	0.00180870340272373
DB00395	carisoprodol	0.0018083998548975853
DB09258	Bemiparin	0.0018050359050650671
DB06791	Lanreotide	0.0018047241407626413
DB00744	zileuton	0.0018017676292878782
tepoxalin		0.001801767629287878
silibinin		0.0018017676292878774
DB08955	ibuproxam	0.0018017676292878774
DB09343	tipiracil	0.0017979510518675006
DB00552	pentostatin	0.0017973369780655709
DB07615	tranilast	0.0017930779302020201
DB00203	sildenafil	0.0017929131626350607
DB11988	ocrelizumab	0.001791913015518583
DB06650	ofatumumab	0.0017919130155185823
DB08935	obinutuzumab	0.0017919130155185819
DB09143	sonidegib	0.0017911968617654033
DB08828	vismodegib	0.0017911968617654029
DB04924	itopride	0.0017829647628110836
DB11362	selexipag	0.00178021859471797
DB03852	eucalyptol	0.0017798906038613547
DB01400	neostigmine	0.0017798906038613547
DB01122	ambenonium	0.0017798906038613547
methylene-blue		0.0017798906038613547
DB06439	Tyloxapol	0.00177876464013673
DB01011	metyrapone	0.0017729327659036758
DB00906	tiagabine	0.0017689386233379367
DB09049	naloxegol	0.0017639884471021602
DB01207	ridogrel	0.001761123288924855
DB01297		0.001758153024082321
DB00187	esmolol	0.0017581530240823203
DB06210	eltrombopag	0.00175568554811937
DB05332	Romiplostim	0.0017556855481193694
DB01216	finasteride	0.0017547463468706329
DB01251	gliquidone	0.0017489675496490823
DB00691	moexipril	0.0017474061028358396
DB00722	lisinopril	0.0017474061028358394
DB02925	piretanide	0.0017378569133384278
DB08961	azosemide	0.0017378569133384275
sodium-monofluorophosphate		0.0017328696501893687
DB01195	flecainide	0.0017277764335533066
DB06218	lacosamide	0.0017275381885283507
DB00776	oxcarbazepine	0.0017275381885283505
DB00532	mephenytoin	0.0017275381885283492
DB01121	phenacemide	0.0017275381885283486
epalrestat		0.0017267299773697292
DB01284	Cosyntropin	0.0017132743671676408
DB04899	Nesiritide	0.001710522937368427
buflomedil		0.0017091508898471946
adrenalone		0.0017091508898471946
DB12230	bunazosin	0.0017091508898471944
DB00302	Tranexamic Acid	0.0017049515112613853
DB06292	dapagliflozin	0.001685738848977405
DB09038	empagliflozin	0.0016857388489774046
DB08907	canagliflozin	0.0016857388489774044
DB00533		0.0016787342220690369
sodium-salicylate		0.0016770163294427779
DB12836	grapiprant	0.0016760053468776097
budipine		0.001673683354880719
cycloserine-(d)		0.0016736833548807188
DB00104	octreotide	0.0016721679617789388
DB06663	pasireotide	0.0016721679617789384
DB00425	zolpidem	0.001667278938692008
DB01276	exenatide	0.0016665354763167632
DB06655	liraglutide	0.001666535476316763
DB09043	Albiglutide	0.001666535476316763
DB09045	Dulaglutide	0.0016665354763167623
DB13928		0.001666535476316762
DB09265	Lixisenatide	0.001666535476316762
DB09516	mequinol	0.0016662524796030585
DB09526	hydroquinone	0.0016662524796030585
DB00600	monobenzone	0.0016662524796030582
DB00757	dolasetron	0.0016662000235819448
DB00377	palonosetron	0.0016662000235819448
DB00969	alosetron	0.0016662000235819446
DB09290	ramosetron	0.0016662000235819442
DB00889	granisetron	0.0016662000235819435
DB01146	diphenylpyraline	0.001665982727062874
DB00190	carbidopa	0.0016629924804698396
melevodopa		0.0016629924804698391
DB12783	benserazide	0.001662992480469839
DB00535	cefdinir	0.0016594010935377967
DB00262	carmustine	0.0016515533893091943
DB09235	Efonidipine	0.0016473770539280346
DB00243	ranolazine	0.0016439328003486713
DB09067	corticorelin ovine triflutate	0.0016429435415718566
DB05265	ecabet	0.0016427520275994467
DB01237	Bromodiphenhydramine	0.0016334206329583286
DB01246	Trimeprazine	0.0016334206329583286
DB00283	clemastine	0.0016334206329583286
DB08936	chlorcyclizine	0.0016334206329583286
DB01071	Mequitazine	0.0016334206329583281
DB00885	pemirolast	0.0016334206329583281
DB04890	bepotastine	0.0016334206329583281
DB01084	emedastine	0.0016334206329583281
DB06282	levocetirizine	0.0016334206329583281
DB08799	antazoline	0.0016334206329583281
DB00719	azatadine	0.0016334206329583281
DB00967	desloratadine	0.0016334206329583281
DB00557	hydroxyzine	0.001633420632958328
DB00902	Methdilazine	0.001633420632958328
DB06691	mepyramine	0.001633420632958328
DB00427	triprolidine	0.001633420632958328
DB00985	dimenhydrinate	0.001633420632958328
DB08802	Isothipendyl	0.001633420632958328
DB00792	tripelennamine	0.001633420632958328
DB12523	mizolastine	0.001633420632958328
DB00950	fexofenadine	0.0016334206329583275
DB01615	Aceprometazine	0.0016334206329583275
DB00972	azelastine	0.0016334206329583275
DB08800	chloropyramine	0.0016334206329583275
DB00405	Dexbrompheniramine	0.0016334206329583273
DB09488	acrivastine	0.0016334206329583273
DB00341	cetirizine	0.0016334206329583273
DB00748	carbinoxamine	0.0016334206329583273
DB04837	clofedanol	0.0016334206329583273
DB11591	bilastine	0.0016334206329583273
DB01619	phenindamine	0.0016334206329583273
DB09555	Dexchlorpheniramine maleate	0.0016334206329583264
DB06766	alcaftadine	0.0016334206329583264
DB00001	Lepirudin	0.0016307078831373821
DB06695		0.0016307078831373817
DB04898	Ximelagatran	0.0016307078831373815
dabigatran		0.0016307078831373815
dabigatran-etexilate		0.0016307078831373815
DB00006	bivalirudin	0.001630707883137381
DB00222	glimepiride	0.001630233556857772
DB01126	dutasteride	0.0016277781198579192
DB06271	Sulodexide	0.001626517815867661
DB05777	THROMBOMODULIN ALFA	0.001625761772139935
DB01124	tolbutamide	0.001620694782009467
DB00645	dyclonine	0.0016181629409543147
DB00178	ramipril	0.0016163192040358557
DB09477	enalaprilat	0.0016163192040358554
DB00569	Fondaparinux	0.0016155551382782325
DB01225	Enoxaparin	0.0016155551382782325
DB01257	Eculizumab	0.0016084249472854166
r(-)-apomorphine		0.001608052516546609
DB00662	trimethobenzamide	0.0016080525165466084
DB12867	benperidol	0.0016080525165466084
DB01425	alizapride	0.0016080525165466084
DB12401	bromperidol	0.0016080525165466084
DB09018	bromopride	0.0016080525165466084
DB00209	trospium	0.0016073519724845394
DB00942	Cycrimine	0.0016073519724845394
DB09271	cimetropium	0.0016073519724845394
aminopentamide		0.0016073519724845394
piperidolate		0.0016073519724845392
DB12554	mebeverine	0.0016073519724845392
pipenzolate		0.0016073519724845388
DB00979	cyclopentolate	0.0016073519724845383
DB00542	benazepril	0.0015944296871384007
DB11783	imidapril	0.0015944296871384007
DB00881	quinapril	0.0015944296871384007
DB00519	trandolapril	0.0015944296871384007
DB08836	temocapril	0.0015944296871384007
DB00584	enalapril	0.0015944296871384003
DB00492	fosinopril	0.0015944296871384003
DB01348	Spirapril	0.0015944296871384003
DB01340	cilazapril	0.0015944296871384003
quinaprilat		0.0015944296871384
DB01125	anisindione	0.0015934549987687843
DB06605	apixaban	0.0015908697912286134
DB06228	rivaroxaban	0.0015908697912286132
DB09075	edoxaban	0.0015908697912286128
pimobendan		0.0015813405537791524
DB00261	anagrelide	0.0015813405537791522
DB04880	enoximone	0.0015813405537791522
olprinone		0.001581340553779152
camostat-mesilate		0.0015737628543554636
DB09035	Nivolumab	0.0015716669133987644
DB09037	Pembrolizumab	0.0015716669133987642
meldonium		0.001570785831954942
DB09282	molsidomine	0.0015628853418090166
etofylline		0.0015590436612448893
acefylline		0.0015590436612448891
DB00357	aminoglutethimide	0.0015519276388577235
DB01839	propylene glycol	0.0015495237946655457
DB00883	isosorbide-dinitrate	0.0015395651703592483
DB08931	riociguat	0.0015208471266901194
DB01020	isosorbide-mononitrate	0.001520847126690119
DB00549	zafirlukast	0.001519871471361791
DB11792	mirodenafil	0.0015188098436343703
DB06267	Udenafil	0.0015188098436343697
DB06237	avanafil	0.0015188098436343695
DB01418	acenocoumarol	0.0015182918021152036
DB00498	phenindione	0.0015182918021152034
DB00946	phenprocoumon	0.0015182918021152028
DB00196	fluconazole	0.0015162074135345572
DB01167	itraconazole	0.0015162074135345567
DB09040	efinaconazole	0.0015162074135345567
DB00297	bupivacaine	0.0015131091810858574
DB00729		0.0015005986768297603
diphemanil		0.0015005986768297597
DB05311	ECALLANTIDE	0.0014971272267544603
DB01171	moclobemide	0.0014890518524730005
DB01168	procarbazine	0.0014890518524730003
psoralen		0.001489051852473
DB09245	toloxatone	0.001489051852473
bifemelane		0.0014890518524729999
DB01247	isocarboxazid	0.0014890518524729999
DB00601	linezolid	0.0014890518524729994
DB01037	selegiline	0.0014890518524729992
DB01626	pargyline	0.0014890518524729992
DB11324	nonivamide	0.0014840970203948804
DB11131	capsicum oleoresin	0.0014840970203948796
DB01057	Ecothiopate	0.0014807019092512408
DB08827	lomitapide	0.0014790612560375096
DB00788	naproxen	0.0014749166496996493
DB09212	loxoprofen	0.0014749166496996493
DB00861	diflunisal	0.0014749166496996493
ufenamate		0.0014749166496996493
DB00500	tolmetin	0.0014749166496996493
DB11071	phenyl-salicylate	0.0014749166496996488
DB06736	aceclofenac	0.0014749166496996488
DB08984	etofenamate	0.0014749166496996488
DB13783	acemetacin	0.0014749166496996488
DB01283	Lumiracoxib	0.0014749166496996488
DB13217	fentiazac	0.0014749166496996488
DB13167	alclofenac	0.0014749166496996488
DB00814	meloxicam	0.0014749166496996486
DB00712	flurbiprofen-(+/-)	0.0014749166496996486
DB01397	Magnesium salicylate	0.0014749166496996486
DB01401	Trisalicylate-choline	0.0014749166496996486
flurbiprofen-(S)-(+)		0.0014749166496996486
amtolmetin-guacil		0.0014749166496996486
DB00963	Bromfenac	0.0014749166496996486
DB01435	phenazone	0.0014749166496996486
DB01399	sasapyrine	0.0014749166496996486
DB01600	tiaprofenic-acid	0.0014749166496996486
DB00154	gamma-Homolinolenic acid	0.0014749166496996486
DB12545	indobufen	0.0014749166496996486
DB00469	tenoxicam	0.0014749166496996484
DB00991	oxaprozin	0.0014749166496996484
DB00554	piroxicam	0.0014749166496996484
DB06725	lornoxicam	0.0014749166496996484
DB00461	nabumetone	0.0014749166496996484
ibuprofen-lysine		0.0014749166496996482
DB00821	carprofen	0.0014749166496996482
bendazac		0.0014749166496996482
DB00550	propylthiouracil	0.001474120163724883
DB00389	carbimazole	0.0014741201637248826
DB00763	methimazole	0.0014741201637248824
DB00862	vardenafil	0.0014701843834600175
DB01198	Zopiclone	0.0014682018015569694
DB08986	etifoxine	0.0014682018015569683
DB06285	Teriparatide	0.0014582237428944556
DB01382	Glycodiazine	0.001456563883780883
DB01086	Benzocaine	0.0014276936500260582
DB01324	polythiazide	0.0014184068309106464
DB00524	metolazone	0.0014184068309106462
xipamide		0.001418406830910646
DB06654	safinamide	0.0014165380133898224
DB12233	iguratimod	0.0014032885165554333
deracoxib		0.0014032885165554333
DB01628	etoricoxib	0.0014032885165554333
DB09217	firocoxib	0.001403288516555433
DB00680	moracizine	0.0013966670605392627
DB01320	fosphenytoin	0.0013966670605392625
DB01426	ajmaline	0.0013966670605392623
DB00192		0.001396667060539262
DB00868	benzonatate	0.001396667060539262
DB01228	Encainide	0.001396667060539262
DB01056	tocainide	0.001396667060539262
DB00820	tadalafil	0.0013962999413698967
levocarnitine-propionate		0.0013808857976304646
DB00214	torasemide	0.0013664360212461855
DB06219	Dalbavancin	0.0013649940936307865
DB01438	Phenazopyridine	0.0013477845005683865
DB01117	atovaquone	0.0013436365897916854
DB08880	teriflunomide	0.0013436365897916847
DB08826	deferiprone	0.0013378123658033113
ipragliflozin-l-proline		0.0013270992552069521
DB11827	ertugliflozin	0.001327099255206952
DB06470	clomethiazole	0.0012982043937143546
DB06413	armodafinil	0.0012898415510123483
mofezolac		0.0012732187213128244
DB09215	droxicam	0.0012732187213128237
DB00300	tenofovir-disoproxil	0.0012544018428537823
DB06754	Danaparoid	0.001218977313871003
DB11598	Antithrombin III	0.001218977313871003
DB00325	Nitroprusside	0.0012184647419546748
DB00727	Nitroglycerin	0.0012184647419546748
DB12017	ozagrel	0.0011996182010367473
chlorogenic-acid		0.0011758090746391704
DB00990	exemestane	0.0011667975018477721
DB01217	anastrozole	0.001166797501847772
DB00894	testolactone	0.0011667975018477717
DB01006	letrozole	0.0011667975018477717
DB09418	Potassium perchlorate	0.0011489640418682041
adiphenine		0.0011277048307268725
DB08890	linaclotide	0.0010983511189469103
DB06479	propentofylline	0.0010878316768269634
DB00429	Carboprost Tromethamine	0.0009617109628959736
DB09310	CATRIDECACOG	0.000829626609025725
